Year,gfdl.cm3.1.rcp85.piecewise,gfdl.cm3.1.rcp60.piecewise,gfdl.cm3.1.rcp45.piecewise,gfdl.cm3.1.rcp26.piecewise,gfdl.esm2m.1.rcp85.piecewise,gfdl.esm2m.1.rcp60.piecewise,gfdl.esm2m.1.rcp45.piecewise,gfdl.esm2m.1.rcp26.piecewise,csiro.mk3.6.0.1.rcp85.piecewise,csiro.mk3.6.0.1.rcp60.piecewise,csiro.mk3.6.0.1.rcp45.piecewise,csiro.mk3.6.0.1.rcp26.piecewise,hadgem2.es.1.rcp85.piecewise,hadgem2.es.1.rcp60.piecewise,hadgem2.es.1.rcp45.piecewise,hadgem2.es.1.rcp26.piecewise,miroc.esm.chem.1.rcp85.piecewise,miroc.esm.chem.1.rcp60.piecewise,miroc.esm.chem.1.rcp45.piecewise,miroc.esm.chem.1.rcp26.piecewise,miroc5.1.rcp85.piecewise,miroc5.1.rcp60.piecewise,miroc5.1.rcp45.piecewise,miroc5.1.rcp26.piecewise,gfdl.cm3.1.rcp85.linear,gfdl.cm3.1.rcp60.linear,gfdl.cm3.1.rcp45.linear,gfdl.cm3.1.rcp26.linear,gfdl.esm2m.1.rcp85.linear,gfdl.esm2m.1.rcp60.linear,gfdl.esm2m.1.rcp45.linear,gfdl.esm2m.1.rcp26.linear,csiro.mk3.6.0.1.rcp85.linear,csiro.mk3.6.0.1.rcp60.linear,csiro.mk3.6.0.1.rcp45.linear,csiro.mk3.6.0.1.rcp26.linear,hadgem2.es.1.rcp85.linear,hadgem2.es.1.rcp60.linear,hadgem2.es.1.rcp45.linear,hadgem2.es.1.rcp26.linear,miroc.esm.chem.1.rcp85.linear,miroc.esm.chem.1.rcp60.linear,miroc.esm.chem.1.rcp45.linear,miroc.esm.chem.1.rcp26.linear,miroc5.1.rcp85.linear,miroc5.1.rcp60.linear,miroc5.1.rcp45.linear,miroc5.1.rcp26.linear
2010,142.709513032428,146.210309252175,143.186532605869,142.348789859524,132.353690093846,145.248674582938,142.297574713374,140.753419776084,142.641538550808,141.015635026182,144.035337674333,141.963287374829,138.052272237274,142.19740633593,144.769643112313,144.661333376376,145.408423939241,139.233744673936,144.48107504227,141.58231456183,144.653867730301,137.701609047794,136.249895947899,142.344673272629,152.15044854042,155.577510883957,152.627660543979,151.777391907161,141.540584794259,154.767481461752,151.789562354078,150.180382405401,152.030545054575,150.43962716905,153.500941633878,151.337884652382,147.412462736433,151.525458966438,154.311497407065,154.157380941972,154.84129364261,148.478812906016,153.956678979878,151.007804732332,154.142243506787,146.981951568216,145.48513022595,151.811345830773
2011,139.850909057521,133.027608660074,138.241217128286,131.351354406895,136.001248541135,135.484127644877,135.956340364847,135.596118606669,135.998029613561,134.841232923454,134.665425951479,135.953777141509,134.432294500543,133.321860909401,134.301437439136,138.49903942755,137.367301068677,138.053018492321,137.285487640747,131.526867337143,134.982841280341,137.643585090373,135.824268995902,130.980764174124,152.552688271841,145.523842051707,150.931427150517,143.779560612424,148.615518444989,148.162670626677,148.660474802263,148.274868462487,148.530469072136,147.315585511416,147.305435887655,148.529326300117,147.023041283617,145.902867692306,146.970522205175,151.12986942602,150.009547822169,150.708185185895,150.005350414456,143.97506251197,147.554990926311,150.218952938641,148.468890679318,143.550806920618
2012,139.092534217695,131.989420825862,135.87296535573,135.074011398979,134.809715253938,132.608853178186,135.436802824481,138.382494241124,134.709225735744,134.504277196365,133.946537578082,131.515860026346,140.223154801267,135.107429629729,139.467668935298,138.028109522538,136.685835710178,130.798100642804,140.673261873447,138.414768481381,135.437659970835,136.781669056969,137.833061375903,138.270125503173,150.390885410784,143.166484321398,147.134712074517,146.318521877223,146.040754941358,143.843217651402,146.709065996478,149.72353172744,145.975950693207,145.826699985981,145.164292691299,142.69314591926,151.627968481455,146.389252606365,150.849351760966,149.368103303604,148.003536553877,141.953252185245,152.102525838478,149.815894860214,146.663984249554,148.039796208652,149.193881494296,149.582213662336
2013,136.949058019352,137.778139126892,134.351882800758,144.290929969845,134.666530866922,138.257268828684,133.3117473421,137.305178833419,133.33938648071,134.979564402999,136.233127518547,131.901875049587,140.998933062491,134.371186277731,132.917655350116,138.450443488725,142.898761497581,141.072786602335,137.029922639687,140.859841254935,133.652277982453,133.216150898291,136.143626986997,133.16769101787,146.902658345601,147.790419584157,144.159736695522,154.339771948545,144.669435414722,148.274709398545,143.225303738967,147.231890889479,143.277683344148,144.978807897268,146.248366897685,141.833516764675,151.018819190354,144.261213470266,142.748901095302,148.53599702401,152.858970187317,151.147180395799,146.948491688349,150.938542855441,143.632230899185,143.121526077203,146.115658535856,142.952417981202
2014,144.722301689874,141.171642515428,133.610228728067,134.11887660144,129.712085782196,134.644021818199,130.043058488472,129.396649997123,136.013125770651,132.839203795194,137.075049882477,135.844364227856,140.2214300169,135.851758880308,136.106083528926,138.366253067958,134.666697187416,132.747171546056,136.924751309856,140.285775599242,137.604310045175,139.290132826059,137.028538085991,136.865183169487,153.40677262328,149.930414581231,142.124972718261,142.540918171316,138.338402649896,143.279382062069,138.601458686499,137.771249873503,144.76398139221,141.524758575556,145.81539650867,144.474484184924,148.933776464597,144.503910969527,144.761999395306,147.131488032182,143.268211901604,141.3078274027,145.645068458382,148.905563983932,146.341961810517,147.929475724654,145.738750713318,145.523589027858
2015,138.429504709893,131.327093635792,140.255836911872,132.525944722696,134.323451148503,135.020178521021,134.800834877681,133.058837694172,135.564060958728,141.286207544593,137.216236531425,136.853295359413,130.89161925058,140.291849197801,137.11438363513,140.835547858951,134.307555171031,136.954897086927,134.932231450786,139.20495869471,140.464866184139,134.658773376261,135.370869850713,136.926628921429,145.651536821846,138.463169462684,147.612445660564,139.629785945454,141.631703841166,142.341252636122,142.169566855034,140.316991770543,142.951202700704,148.734262825627,144.54219755684,144.153761158613,138.028450656614,147.674044540921,144.493547174608,148.20743765153,141.561187170431,144.367719043854,142.197246719095,146.500461954189,147.836242691238,141.92935542758,142.727876144875,144.280150343758
2016,136.488948842747,142.024578145205,142.443984716716,137.658757214124,139.847159989723,137.721043933898,136.154313268011,141.331179269106,139.937103980535,136.451508635968,133.233961845603,137.21487392963,134.444004575697,144.078402583649,134.144239157885,139.697472998752,137.681800921613,137.355592564055,139.392212134874,138.80806517623,137.343148860861,137.734571009585,136.040908665085,133.961508608508,142.499516062398,148.028606023078,148.534834333353,143.715265656229,145.904737384067,143.752138518256,142.155764904063,147.330034708389,145.930379455413,142.423490621429,139.256075177315,143.209918452792,140.350972434194,150.215696404823,140.021384618169,145.707491388973,143.629772304187,143.405895410294,145.237304641429,144.814773391194,143.252536683827,143.701404511735,142.021122241289,139.859499970885
2017,134.562562760864,141.485086826499,142.339139238885,138.842776511748,134.808049576352,134.518053921396,131.185794041566,139.223134149646,134.538614473714,131.856542377727,137.266190948334,134.930316264697,135.449743498845,135.161958808522,135.360687880778,136.889711202506,136.940583671703,129.601837767138,141.552529056351,136.852118859929,133.397614627877,135.021856169575,139.765172935193,137.100772227777,139.009715570153,146.181411390749,146.983253427721,143.358398374613,139.444787775808,139.186193235362,135.681185816632,143.899283333475,139.134414710039,136.285189945556,141.989287487369,139.554613584729,140.096770167941,139.78300862757,139.99364573648,141.524959753471,141.63902475207,134.025404021179,146.374827255235,141.398550611572,138.01244391969,139.739119770001,144.428861417689,141.758052150156
2018,142.132790874453,138.753230928522,135.760341552357,140.264911770904,136.637253194853,135.777361206562,137.231106955663,137.694669312729,137.469913624137,135.911756354137,133.312904705282,137.984181472723,138.677296355215,136.771283381428,135.750204027451,139.757104906336,134.154512220219,134.134876014901,136.288510344345,140.113815459576,136.420866035593,139.564635893162,137.148145311339,136.850278108132,145.538956128819,142.116203118609,139.074316336152,143.490015321196,140.042708562042,139.127994206689,140.686030824916,141.008308128103,140.766087831883,139.319440214318,136.555772181713,141.326137964234,142.058936306971,140.011433702524,139.074592091758,143.110458076384,137.415981072431,137.462558766579,139.638032311698,143.483872136457,139.714658488947,142.859269396615,140.530647733927,140.215633090603
2019,135.129321352726,137.816082963671,143.226120126292,136.321849804073,139.518887473131,133.226828275401,139.659334725442,142.800780640348,137.55112674829,134.455389819308,138.844427992132,139.924618351129,139.25077156852,137.887395617917,138.108648558706,140.399389198057,138.772692660797,134.506513483149,139.721406561181,138.416645134695,132.09583157588,137.81120675971,137.408557400599,136.11386291646,137.002385651885,139.719983801503,145.34604920133,138.125981951964,141.652074661807,135.198332470573,141.80976475671,144.830830245045,139.549249744989,136.49493453966,140.973312481231,141.9573042142,141.348848469492,139.984401640363,140.12799722919,142.465453000099,140.751871897987,136.47471547651,141.798963126635,140.456567208119,134.060093541764,139.82580447182,139.426180712828,138.115870386662
2020,141.41941490736,137.601780867273,142.792060778453,137.584292725283,134.86222158026,134.695347789019,137.086388423124,133.614928237246,140.082088872322,135.363027393274,136.293498134174,137.968354823814,139.692644084513,140.949900727127,142.310168118995,144.347919494288,136.360628535637,140.431006462372,139.435155529343,136.529672599682,137.941394443255,132.141862088672,135.677353043533,135.271794952784,142.017990267476,138.220652265699,143.415486643547,138.104239875507,135.55295844122,135.369911365501,137.817613320767,134.20182743406,140.75371228737,136.023601802098,137.026029828556,138.484867268002,140.291971614171,141.62299562306,143.093687235513,145.120950936386,137.006227052777,141.173889793786,140.104254258006,137.030017611726,138.599064331144,132.595696561279,136.372277432977,135.896539283761
2021,142.639700738288,135.708698415223,140.467029478554,139.37963987089,133.245719470586,138.680238556701,136.340924987077,138.870126557352,134.920969067538,132.614629675892,137.207642212739,135.553780436448,133.929629540384,141.249976831496,140.028316039373,140.31093137367,136.741120371927,139.688236522389,134.434413474886,139.02613495174,137.894379240959,131.61150860965,137.549033935232,138.648696526174,141.998272320439,135.01468576591,139.769123203746,138.638736028888,132.510418570023,138.100997472268,135.694960041464,138.257907448526,134.171275153524,131.852271137255,136.639058212442,134.850352860075,133.187749847353,140.745409701054,139.405820702302,139.652898953747,136.163498956281,139.023390006528,133.639003749167,138.335603269009,137.265128783023,130.781367500401,136.971878171282,137.982813925274
2022,140.788312837463,132.920782530074,137.268012106312,137.583521875533,135.212287144938,134.983197267155,138.466121098201,135.626644440885,145.483589426653,131.978936924354,141.637396404389,134.708896130683,138.759854527834,140.68400430276,141.772334120323,137.687546034518,139.646120456498,140.849020006249,134.633339374719,142.077636030374,138.431252780488,132.360091305663,140.189072533044,133.6239405534,138.847666007743,130.796932413712,135.185976430963,135.525971849111,133.028938314153,132.947058272665,136.396011519252,133.543485912801,143.559097414358,129.870687645576,139.745295347951,132.737730341502,136.737245713243,138.735245451729,139.887981999076,135.543121661545,137.760337503281,138.878192945858,132.539747408977,140.083441166178,136.468754411871,130.295838647605,138.140343993884,131.58497142412
2023,135.954060319734,139.253576596966,136.50936092019,141.921341695146,137.46822609592,133.835271255035,133.857558527704,140.442922756887,140.560475678055,134.4005674356,137.016754405981,141.543428742268,134.691809246525,143.16351885094,137.165052050835,139.814186676393,137.538897179531,138.789956733731,140.923141308117,141.462185933514,135.501310642611,136.201618840431,138.141043313329,136.439066902567,132.511710080229,135.981823746918,133.133275341916,138.530420802373,134.085282460263,130.490305095376,130.347630061263,137.228902826577,137.281732992457,131.044933670469,133.564907113236,138.324334463635,131.169786848974,139.904326339399,133.796972788881,136.561030888345,134.175975944803,135.482804058705,137.684467639764,138.266415379668,132.089679982407,132.75759834639,134.839689095029,133.133312862292
2024,141.635646012818,140.779819150967,141.814768424149,136.655409510042,137.707226538965,140.393533248675,135.461145091756,139.941845254566,138.989584005126,136.305885724767,135.493483435024,140.286630957762,139.854683652193,139.876092601086,139.063914978054,137.730156503437,142.75522423031,139.831291942541,137.836841243425,137.855030971608,140.009132368564,137.309709473562,143.452243507926,141.605115333189,136.991024986449,136.102071063349,137.134820197436,131.891872660851,133.029908446235,135.831845139633,130.76596394234,135.277650856103,134.417341131146,131.711557325469,130.83643994867,135.721784322012,135.194812335816,135.271823125733,134.449858457503,133.053874321239,138.13659694553,135.30356430636,133.242327934213,133.138439692384,135.46341397652,132.708016159843,138.947910349538,137.021144861291
2025,140.522934485509,137.150871060083,136.616385626456,139.58591433403,133.605502003693,141.675045362482,137.704522370485,136.592314292351,134.544622826447,133.366653464384,139.595941490875,137.025507080684,141.554241262254,139.233340121672,141.037177477756,139.109595402159,133.285498884916,135.886362567998,142.067513507233,142.163901240562,141.690371885447,138.430746072249,139.461375679048,140.897070702445,134.539036103614,131.115306961763,130.573277454932,133.505748668039,127.502014585148,135.758574878871,131.678501165887,130.645435785763,128.452461372938,127.365189181991,133.643962799791,131.071541204538,135.519643923487,133.189447372842,135.062748088697,133.027088185386,127.176776020157,129.864368813158,136.149119395532,136.135605235605,135.818294327986,132.464052935594,133.392633024648,134.880363679591
2026,134.591183818564,143.748340631218,139.971563148813,142.287429548099,135.625511246428,138.191182979568,133.274487107092,134.260944780948,135.254647878563,134.168350269556,143.011080274279,135.074507539799,139.277233739796,139.048270516335,141.951559950633,143.575813392668,143.318417897787,140.406838558573,141.574786853009,136.897574674883,144.064003996571,138.81458824603,137.056901690736,136.087468551424,127.12697127519,136.569406055059,132.607846619293,135.024451232164,128.334984266704,130.900313547475,125.834734314331,126.870774430659,127.974858145041,126.866313018609,135.819498312572,127.576895829007,132.057929770701,131.78831613508,134.643262041577,136.430933806675,136.061357319101,133.150317245528,134.278396592943,129.537477644214,136.84799229817,131.559516801776,129.692681286913,128.64505530447
2027,137.365621668198,144.322589518237,140.052637352221,139.825350738935,139.969003733144,134.834289287549,137.673519906898,136.812900143928,138.278938579201,135.907107993653,136.439370443188,137.563717480431,140.176457754114,136.082123307984,140.16163966995,139.633823247143,141.473097574967,139.787033485214,138.806083786058,139.946161156856,138.201663324658,134.652690447906,133.365100439994,138.627623796545,128.623391898586,135.731093831936,131.407469485244,131.082100397994,131.366313064133,126.2010476129,129.015596653529,128.111930403374,129.689913036306,127.303206574501,127.95229131344,129.019274616068,131.479703881663,127.35446614611,131.611663211005,130.92831116897,132.875646027092,131.149630660228,130.191901452918,131.226026619647,129.542920721267,125.975218682327,124.620200593736,130.021289131687
2028,142.396754072295,137.933153303578,138.987063069728,143.6106538931,140.423829333436,137.988318791612,137.746805525309,136.855528676542,139.942989955374,136.720802333836,140.584916708373,139.723243243311,140.710888493451,141.893229325457,140.650189042185,142.781356056132,137.410776736347,135.207422991923,139.003470576747,140.884602857725,139.685225898382,138.867917546837,142.309022338414,136.922215161998,132.333064031063,127.755758704205,128.830599169992,133.582132510029,130.469379202145,128.091025371759,127.815549302441,126.879315291571,129.949209463132,126.775013276356,130.727587011747,129.736892163407,130.745927104651,131.923824051306,130.764874533041,132.844688973145,127.361049460944,125.289127825556,129.073221714662,130.865023258655,129.71430836756,128.974757711239,132.340830000306,126.966789237983
2029,143.433127667181,135.621727320341,146.625949583176,144.891754526095,134.969339192765,142.086843718338,138.745255838653,140.849962835671,140.531499125287,136.267787114673,137.480179380086,139.832910292451,141.7099242947,140.230261179043,139.421970895947,144.792491752217,143.32283425875,137.577944544582,142.361885188975,140.711200543145,134.118041723526,136.444923006773,138.96123561509,136.898269857572,132.118067864241,124.187573770378,135.259036588458,133.572161637323,123.611346042841,130.918978543511,127.393556548435,129.629612076675,129.317362010676,124.901792186059,126.126322886493,128.614628539445,130.49372117089,129.031928782195,128.182697953315,133.583569517141,132.115702959051,126.291775220389,131.128518923841,129.27383004273,122.606671822629,125.071135668979,127.658134407938,125.503111598056
2030,138.240577818892,141.939305832587,140.939928517579,135.324587902493,141.4421753849,139.696790375549,136.888635496366,137.646064045931,135.158603166692,140.382697450331,140.478216519433,140.901570795166,143.30412928767,140.45272677201,140.188884525109,135.659907887498,138.540385774978,139.859661224594,137.589753521017,138.203705563694,140.791706192677,139.361313469355,139.82588587469,136.52757797925,125.613213349263,129.273112443836,128.292192678332,122.398554990892,128.782771303251,127.149722112096,124.286046065631,125.000568169723,122.299229816082,127.773397607271,127.983507469393,128.267517464424,130.831019541034,127.826290782691,127.612897501824,122.929105459009,125.740544126667,127.248943130036,124.92987410045,125.389452682926,128.156426309982,126.78448443708,127.263716509788,123.876655711394
2031,142.933586150158,138.584092193168,142.678393221667,143.999567058421,137.112961130219,132.394903252429,134.517988414342,136.719231918956,136.976807306121,134.268498635999,143.090544897516,134.218330947053,143.838447920864,139.351926222933,137.452932444516,137.421451632455,143.226109236571,138.893059800354,146.247069625686,137.814131163575,142.761288364274,139.553934423582,142.945082965505,135.456331820582,128.946112945596,124.628052434271,128.751526926339,130.079526567018,123.161370595719,118.235785329707,120.443981780998,122.740517665079,123.09477236155,120.26569483281,129.191624187055,120.108760726468,130.014360745128,125.362418766293,123.393114516571,123.446881980008,129.226562858835,124.899125279755,132.384959601187,123.781956857561,128.791929873235,125.632461059147,128.959228537519,121.417777631595
2032,139.663094505429,137.903088200553,145.600172340803,143.281257847644,139.916878882489,133.530947520992,134.162835826764,142.895317187502,136.354304368272,134.926651194105,137.464533037692,142.260206217966,141.390673607558,135.373814626037,137.484936806777,138.49536779722,142.150828845717,144.594092553981,142.363902614966,136.538551280591,137.61733614039,135.951477726347,139.926665319759,140.109291496185,124.256669565365,122.509356200832,130.249888141757,128.047911680203,124.651224784823,118.108350955127,118.724929654975,127.659174272204,121.070465136753,119.738292277731,122.217761945806,127.079833150914,126.148469127613,119.917691765648,122.094846686075,123.140544774726,126.968821986153,129.393052456878,127.136801820058,121.079234156836,122.197424234913,120.527760104415,124.736642899168,124.920459059756
2033,137.74199100309,140.503060134737,135.788767656337,139.888477142185,136.562649350097,140.970200098102,141.229364843108,142.935521307257,136.162354565544,137.304684474039,139.655355777185,137.993440712364,140.017098113733,139.835283763586,136.883230901782,137.298605954799,141.897775578443,144.34603707427,140.346425535809,139.715484266241,137.293869261648,135.96506008541,135.2887126196,142.683971985476,120.977877852367,123.804737119199,118.993795652355,123.122574234105,119.885048025044,124.42611948334,124.675039954693,126.475535278321,119.411545958064,120.711255222539,123.099805651728,121.355256072531,123.382934425477,123.161827544234,120.284910219171,120.556957786441,125.178298460566,127.767035828463,123.60610423637,123.051954501171,120.62333136622,119.434839307154,118.625603346859,126.130242015941
2034,150.134546309272,140.802186921142,145.415576483663,143.951316325832,144.893593731539,133.829867060482,143.776962151777,137.1870175605,139.217649839138,137.720779531508,143.741728863087,140.001031357385,142.706179097634,139.664997881774,140.388854198946,138.311090392083,145.825491207604,142.344952876502,142.011734388908,144.496533195812,138.323299460701,139.877469878689,142.682852550032,139.240725165739,132.306612172405,122.868134870307,127.534050250233,125.957912777933,127.078333315437,115.893653160331,125.91377829262,119.285324861257,121.395090089996,119.749179482048,125.971067124574,122.041201993085,124.747714559912,121.738145947516,122.46847405721,120.288717216478,127.951802080797,124.583595414927,124.120772461515,126.469644899784,120.417084505138,122.007012349791,124.752972257523,121.309804719509
2035,141.577806787064,141.124102238361,150.175633951722,141.403298320477,136.957346243816,136.880764280325,137.404958003615,137.348452078222,141.399588518326,132.175400050595,137.115600020265,139.079937334775,144.225724506646,141.557415424537,139.830659333864,145.758618870383,146.883997960576,144.829056366624,140.728776899034,140.677165326474,141.377935038468,141.847965970147,141.467977108927,138.17149906861,122.227250815991,121.880798254339,131.037470170439,122.176501097072,117.555055438221,117.578131845004,117.803823769459,118.03675876402,122.06806504113,112.743668319185,117.828609052333,119.742349862331,124.987342844924,122.324142211927,120.621292022674,126.599719407765,127.654811871723,125.633696550701,121.519394345178,121.383387327391,122.043420427066,122.662651882478,122.207928435391,118.903615561385
2036,143.109565679854,142.879275130136,141.904484456997,141.284558255943,133.690089079279,139.613850919759,133.515510993308,136.690786700741,136.041880687222,136.111974055759,140.406426918435,141.839415615845,141.188433222343,141.557775261045,141.384020420629,144.0239298588,140.752947323612,142.900918803843,137.201226715781,141.895947077675,142.128968341517,140.16611808809,141.17336108801,136.880553096779,122.520076745178,122.285810289347,121.259884938157,120.609577319604,113.154109162909,119.068360481708,112.792966047157,116.064738275021,115.39079624912,115.464063241456,119.689847262376,121.162083660658,120.660318374807,121.062726533239,120.769409533741,123.519322522183,120.190130811019,122.349898811311,116.560746449697,121.306270043259,121.542298338804,119.624013115325,120.534043181255,116.035733041903
2037,143.580782117386,138.768793584697,141.543118448924,135.221195910901,142.048119297128,141.714537931972,132.766407296624,137.866935068647,139.674705459751,138.365919756291,136.092383894534,136.849722617994,143.903402538354,139.850010929295,141.356727096597,141.039859510553,136.350652183049,143.633631915099,141.784495954875,141.99464026724,140.582788780926,138.459114482559,140.631243386737,136.074946805449,121.637666767568,116.689749076283,119.657073717932,113.149427116742,120.10597266762,119.836827049243,110.778862573649,115.918384841772,117.621834113571,116.437239622099,114.091695634214,114.81170932781,122.069341047299,117.97779912917,119.480538217163,119.140910714433,114.331258036444,121.736534951185,119.903363035478,119.908364997655,118.669369696655,116.555338639638,118.65004046404,114.12094983937
2038,143.734524589161,145.545836128017,145.015266704022,141.56041173116,138.927230008242,136.869471036493,139.01184585311,139.905034614632,144.656475718842,135.331335634018,142.014138096832,136.798450615411,144.202652849962,138.430803958628,138.533226207946,142.488966726899,142.291867445611,141.233641771549,140.932207439858,140.731186284757,141.577371194875,137.725233442598,136.332651252178,138.050021676241,120.324577626666,122.368172691868,121.73241345762,118.29994057863,115.634304564064,113.683334974408,115.782421255111,116.57569877883,121.457388649586,112.105466096533,118.800469195156,113.621890275047,120.991628033311,115.154210414841,115.238083271731,119.342582565915,119.003080206872,117.984285184579,117.807547001601,117.433452933568,118.282036249876,114.426837565636,112.91986867963,114.707945193342
2039,141.717823809079,141.21649651686,144.897148902479,139.046404198653,138.965859693418,135.941988208259,142.602058717612,137.803336805394,139.900036927221,139.583419562735,143.031069474264,141.628720026663,139.918789950486,139.752528505748,142.8924626582,140.911549766152,146.595021829095,136.614866949352,137.156860288814,136.090316515439,139.771646112048,135.326538351682,142.679035211375,137.122705341742,117.037859918323,116.627804560677,120.235460095508,114.201076450272,114.406451670951,111.368530126335,118.053815015371,113.189081093157,115.311330795644,115.058668372854,118.387837251715,117.148130536602,115.210777403522,115.224027017005,118.362646875908,116.261429933165,122.127156792352,111.820603361708,112.389515672443,111.403135565124,115.112051683207,110.621252715431,118.096803815885,112.492795194377
2040,149.802178558978,144.642481581477,144.095535799199,139.961504228643,143.065510281918,142.736584442083,141.762567241944,135.291982533733,139.267655703638,139.744613666175,136.490531216011,137.383411156686,142.425895717427,138.939677277691,139.349603033034,138.748621250016,140.847932062359,140.057070418168,134.963495244358,140.256320166546,139.633554897935,139.809202988561,139.845830426684,134.752618661401,123.952607933089,118.742935642251,118.214013874794,113.828032327883,117.223623205678,116.829200059114,115.87275705775,109.323298249754,113.2658939845,113.831200671897,110.399734279112,111.445039863301,116.536986508138,113.021546861242,113.481084194492,112.77367424091,114.854344560171,114.107177568659,108.88946953812,114.134309839925,113.625739288698,113.898067013457,113.940615940856,108.764202470385
2041,145.328798261385,145.729421543888,139.786626092833,137.545828417173,139.505198663942,135.510327831444,140.728916419542,137.869649809042,143.547465793345,139.67887930262,141.139145370223,133.332811222922,144.14659824802,137.594848360667,138.545675390398,134.819639910845,141.365596640835,139.919454497415,144.748990400034,144.401763458184,142.763864588804,144.50286990847,145.664701005765,137.020620971406,118.098818266713,118.538369474502,112.460131951022,110.192772955619,112.325061232097,108.16112650691,113.440832642488,110.62390300045,116.337532859036,112.438375490833,113.95247142672,105.925506249,116.952140560643,110.288419387963,111.105741905499,107.440765626123,114.059129099155,112.662270316549,117.520522277462,117.148589604219,115.546893201097,117.356257085084,118.449353279216,109.787530500406
2042,152.373563432266,144.09033831013,139.281559180119,143.330953201288,142.887106382583,135.996410154994,138.317690834063,139.248885765392,142.748769683672,138.668300718464,142.659901907614,137.279645674639,145.006440294032,137.398301181137,139.883737148505,138.101503805228,140.176699965298,141.44150643792,140.87895884507,145.561084046453,139.897048368617,138.662964527007,134.197267842606,138.924776256837,123.909946995773,115.613673358965,110.616073986154,114.834747314359,114.333582204625,107.30240011928,109.729475108089,110.660008351034,114.108199278023,110.016684175233,114.17160543181,108.657473183842,116.591085737091,108.678938212253,111.319229784935,109.436758334754,111.47750931452,112.700392928116,112.175364457629,117.019450253899,111.224687281979,110.098179104948,105.352273532133,110.396320460475
2043,140.765575440299,146.995190245147,141.086851713852,146.503586551441,144.742541636969,138.754038737702,145.204420244458,140.511172914407,141.922387654841,140.589766486377,136.135444728856,136.914857233892,142.651314718486,137.900633238023,140.852379315815,142.793934546237,147.519592357467,139.08517544455,141.88765707964,141.59496375634,142.402432383746,141.545252323411,135.738970301391,139.25351674171,110.597915164965,117.118552912742,111.020646016554,116.688042833864,114.907153960254,108.806651058378,115.271473999282,110.537562465261,112.018980657829,110.731576241379,106.166624982259,106.90558584201,112.626116940372,107.863267265275,110.877702825768,112.901953264089,117.676164006014,109.065350209542,112.013892145245,111.565030180625,112.57271030563,111.743055229434,105.77761140339,109.354739253259
2044,139.513286601678,142.030746871462,140.786661999995,141.134151713188,131.762610817839,142.116142198285,141.386832181137,137.626001349108,140.107417905575,142.401962318116,139.623651278809,139.521850049519,143.963404264576,137.577250648847,139.203617821329,138.324175887289,141.933323052336,142.600032390456,141.236764733058,140.689602592777,146.215434938903,139.768237366986,139.764654385653,138.328539569081,108.16341299278,110.674417889763,109.362484958423,109.601771667226,100.191269753106,110.901685118132,110.193666393719,106.248242267869,108.92741842184,111.151202808804,108.408370553824,108.291994388668,112.771779266712,106.329143353568,107.840756179382,107.073684102245,110.502807231128,111.327843439531,109.930348352035,109.376110950094,115.027168573737,108.510139213444,108.523301870612,107.066649782505
2045,148.844070331455,143.667210447547,146.690437097456,139.527598961024,136.016839101104,140.94758406843,137.052057958585,132.891653497001,142.572056264148,137.301284370388,144.45701919217,140.980883967831,144.670396849009,145.149998145287,139.666579591673,138.896557702462,147.545676450733,140.961532235495,138.177853263681,143.963445568958,146.775992028526,140.205408439013,142.488694361995,139.061059780816,116.258224726416,111.077290928181,114.117892169918,106.805975318219,103.355884808278,108.4097461501,104.499287840754,100.27708426932,109.88096054729,104.717433880383,112.005830272134,108.457383578865,112.106263925162,112.689391731693,107.114149682331,106.307315534386,115.044038018025,108.423590054935,105.579239704207,111.40408949026,114.292406776793,107.635656042611,109.84123405201,106.468348353001
2046,141.698657352287,144.218293280315,140.115786590995,138.849295853439,137.647290897772,141.648772115936,135.369232193933,137.782667780097,134.432954863803,142.090285063401,146.288837687096,142.137516475693,143.547308301273,147.79618890669,140.39383572196,145.149248957818,146.821986697363,141.496002114959,145.158607793029,141.545002174029,141.611445238369,137.846327623891,142.089270562371,140.850748436568,107.634837103804,110.271428740056,106.040745472493,104.862885736061,103.566582924518,107.751006274803,101.338351600613,103.970218391838,100.000186626411,108.240452152373,112.431244009073,108.311787862106,109.571932138874,114.071646511008,106.424079256664,111.299641850486,112.985104982699,107.503784914676,111.257070486801,107.644215684662,107.507622163189,103.915785589868,108.223183917686,106.918112139864
2047,144.710119244138,142.034516248171,145.059675774122,145.282862603748,136.264215788961,134.87528229355,138.701488728954,135.025204751836,144.682904737932,137.153372224483,143.597748856916,142.394005566175,143.406592913055,138.492859622592,141.232612055106,142.057104802406,144.773189716745,140.947492428836,146.867274512004,146.284167542327,144.715303592092,143.22218954669,141.706444598743,141.352927608972,109.510379627925,106.711405735979,109.871828751477,110.071246975184,100.822480175487,99.5316905557818,103.33818457713,99.6931828088735,109.495038737554,101.801443564213,108.464452089966,107.102180955002,108.213248613521,103.180779927449,105.982312685735,106.919495867071,109.560857847369,105.773042565299,111.644511688559,111.046646211841,109.619497561069,108.0897416959,106.380087304587,106.213628855858
2048,145.381850921352,141.969660001843,142.46874190568,147.342421324273,140.020539708219,141.038097158486,134.948964748942,135.168736342221,143.714016480437,140.888183045526,142.324834719133,136.174105284809,140.847453800891,145.943445059246,140.563801702326,141.565653823175,145.94285470562,144.880020332888,144.166722616255,138.181778812682,141.354334078236,138.258612902797,136.040856310816,140.587853583595,108.731409082853,105.253064696793,105.825071353276,110.799321289745,103.480123647104,104.433136055134,98.3146043745658,98.5200237537803,107.140189449463,104.453021554439,105.80633259968,99.5998286863858,104.160030408625,109.53318220071,104.01015686391,104.953876962578,109.446194105655,108.415484701706,107.584416375104,101.429535039173,104.780722268176,101.768940602643,99.4111350035793,104.171629834322
2049,152.540788553328,140.438588248692,141.899996257301,145.383800839509,145.830169573935,142.034551805812,139.71449612047,138.6602010239,141.139756806675,136.086046549924,144.718915225342,141.917059826698,146.148172400761,143.277865698212,140.253225421784,138.505172247372,145.706001798384,143.219255252408,143.072858629537,139.27658196291,144.713732783085,139.089814769566,142.931507445403,144.189788302918,114.771289288354,102.400153326255,103.845793635391,107.538640960622,107.985917088322,104.209351202589,101.841348340121,100.774129847346,103.187570927973,97.9152061784168,106.895859311581,104.033448653396,108.295169378853,105.447121945639,102.255452326627,100.452097137526,107.704291377471,105.420853179965,105.136195841618,101.337663556547,106.880318820655,101.15128925013,105.137101592149,106.371799947392
2050,145.665675427802,142.309653353366,146.23839908698,143.753653036197,140.906012801071,138.345321799743,143.42838530382,138.401922739971,144.049549117613,135.928340151196,144.6765966689,140.436191700059,144.033458410545,142.920610829538,143.634690440535,140.158100047686,143.45357723382,142.192169251868,139.497665495973,139.025430649667,147.433778117226,142.971206619664,144.49190436639,137.931109663874,106.400356276326,103.170787426373,107.007474960608,104.399192665106,101.6411180175,99.1338399893446,104.220795312007,99.2000704845111,104.903221203723,96.6244269771154,105.470348856724,101.146509032865,104.844899365943,103.706851590291,104.514599333521,100.985664966398,104.126718149749,103.017163281032,100.173968390665,99.6625419906803,108.277967006349,103.786621906164,105.262105795552,98.6696064922022
