Year,Month,csiro-mk3-6-0.1.rcp26,csiro-mk3-6-0.1.rcp45,csiro-mk3-6-0.1.rcp60,csiro-mk3-6-0.1.rcp85,gfdl-cm3.1.rcp26,gfdl-cm3.1.rcp45,gfdl-cm3.1.rcp60,gfdl-cm3.1.rcp85,gfdl-esm2m.1.rcp26,gfdl-esm2m.1.rcp45,gfdl-esm2m.1.rcp60,gfdl-esm2m.1.rcp85,hadgem2-es.1.rcp26,hadgem2-es.1.rcp45,hadgem2-es.1.rcp60,hadgem2-es.1.rcp85,miroc-esm-chem.1.rcp26,miroc-esm-chem.1.rcp45,miroc-esm-chem.1.rcp60,miroc-esm-chem.1.rcp85,miroc5.1.rcp26,miroc5.1.rcp45,miroc5.1.rcp60,miroc5.1.rcp85
2010,1,20.774,17.556,19.015,19.414,20.247,20.213,19.569,14.667,19.522,19.27,20.374,17.301,18.123,19.001,18.973,18.355,19.703,18.016,18.475,20.322,20.796,18.02,18.375,18.511
2010,2,20.86,23.198,22.811,20.026,21.887,20.908,25.76,19.081,23.752,22.696,21.278,16.7,21.071,20.07,22.825,21.002,24.918,22.445,18.184,23.742,22.77,18,20.743,20.916
2010,3,24.974,28.592,26.908,25.293,24.781,21.898,28.82,23.088,20.892,23.56,26.095,20.054,22.184,26.392,27.939,22.181,26.366,22.197,21.702,26.312,20.551,21.768,21.622,25.781
2010,4,28.118,27.035,26.979,30.603,30.206,29.209,30.845,29.96,27.345,27.36,30.232,27.34,28.976,32.313,29.657,25.909,28.948,29.272,25.02,30.584,25.136,28.573,27.485,28.039
2010,5,32.703,32.285,32.334,35.264,32.981,34.067,33.712,33.397,32.025,31.906,36.053,31.836,33.031,33.607,34.772,32.118,32.2,34.66,34.255,37.083,31.244,33.799,35.837,34.298
2010,6,37.218,38.958,38.111,37.525,39.395,39.155,39.248,39.562,38.035,38.894,40.073,36.417,39.732,38.668,39.179,36.937,36.511,38.541,37.393,38.236,39.97,35.631,38.841,38.366
2010,7,38.922,39.212,38.876,39.647,39.89,39.961,40.074,39.583,38.083,37.952,39.149,35.05,37.708,37.473,38.045,39.442,37.005,37.407,39.271,38.424,39.47,37.272,36.71,38.322
2010,8,38.16,39.39,36.736,33.649,37.175,40.238,38.56,40.631,38.01,38.791,36.513,34.906,39.851,39.072,37.958,38.538,36.128,37.046,37.438,38.374,37.701,36.04,34.943,39.032
2010,9,33.991,34.041,35.562,34.329,34.089,37.195,37.856,40.087,36.148,36.633,35.644,32.931,37.223,37.237,33.06,34.66,34.801,36.203,38.225,35.85,37.303,34.068,32.977,39.166
2010,10,31.4,30.044,28.056,32.708,28.868,30.488,26.459,29.485,31.546,30.423,32.502,29.862,32.849,28.296,31.737,30.391,30.847,37.415,32.517,31.421,31.96,29.405,28.854,32.987
2010,11,25.888,22.036,22.142,24.146,23.086,22.203,21.829,23.589,23.138,24.148,21.91,21.838,26.373,25.3,21.454,21.681,21.514,24.658,25.321,22.073,23.532,22.714,21.405,23.127
2010,12,18.152,23.767,19.327,20.243,18.526,17.956,22.247,19.056,17.332,18.19,18.874,18.836,20.576,19.672,16.905,17.049,19.578,19.316,16.827,18.472,19.933,19.618,20.913,18.956
2011,1,17.638,18.909,21.233,21.666,18.955,17.619,18.362,16.429,16.984,18.444,20.756,17.857,22.16,18.941,18.089,17.063,18.004,19.875,21.9,18.585,19.586,19.136,19.155,20.218
2011,2,23.348,20.98,22.081,22.353,21.35,17.35,24.171,22.656,20.443,21.938,22.499,23,21.817,18.545,19.894,19.474,23.487,21.011,19.53,20.894,19.191,19.528,23.417,18.657
2011,3,26.861,25.472,24.508,23.361,20.653,23.993,23.78,27.487,23.793,20.599,24.437,23.067,22.838,23.963,22.528,19.451,22.62,23.28,20.079,22.269,19.001,23.61,22.226,21.155
2011,4,26.309,27.369,27.761,30.387,27.94,28.453,27.537,31.766,29.349,29.433,25.378,29.284,30.048,30.065,30.204,27.617,24.199,27.877,28.159,29.697,28.64,29.023,29.611,26.773
2011,5,33.954,33.893,32.285,32.902,30.904,34.026,33.488,34.029,33.205,31.583,32.426,35.23,35.89,33.413,34.228,32.872,32.902,34.19,31.906,34.66,32.472,33.251,32.976,33.028
2011,6,37.376,40.233,39.713,37.711,38.17,38.245,37.155,40.361,37.308,36.027,37.395,36.923,39.417,36.638,38.991,38.796,39.21,38.894,38.33,38.044,35.254,38.155,38.623,38.509
2011,7,39.695,38.917,39.053,39.004,39.434,37.888,36.111,41.04,36.636,37.322,38.19,38.627,39.47,38.071,35.138,38.921,38.037,38.921,40.061,38.588,38.771,38.342,39.665,39.498
2011,8,37.957,36.45,38.936,38.103,37.143,40.889,36.43,40.129,36.269,37.652,37.734,36.184,39.911,36.468,36.765,37.189,35.622,38.571,38.888,37.624,37.572,35.133,35.709,38.043
2011,9,33.582,32.853,33.445,35.568,35.041,37.344,33.705,35.282,35.316,35.106,34.063,33.646,33.042,33.151,32.427,35.066,33.398,34.705,36.836,36.599,33.294,34.773,35.337,34.615
2011,10,28.552,27.061,26.483,26.42,27.77,33.993,29.988,28.314,32.397,31.479,30.274,28.327,28.812,29.557,30.298,30.359,27.948,29.808,29.919,29.572,29.367,32.271,34.063,29.922
2011,11,23.35,21.765,21.75,20.967,21.508,24.238,22.01,22.95,25.641,24.114,22.18,24.757,21.855,22.221,23.076,24.252,22.448,21.599,25.112,24.565,22.094,23.71,22.471,22.524
2011,12,18.817,17.936,18.422,19.677,16.082,18.683,16.417,17.244,16.943,21.147,18.376,19.916,19.203,18.977,16.972,21.107,17.437,20.035,22.079,19.624,15.665,18.604,19.406,21.278
2012,1,18.084,18.181,20.027,16.556,17.493,18.846,17.125,20.044,17.963,18.433,18.104,19.598,18.62,18.988,19.818,19.724,17.221,19.616,17.578,19.554,18.577,17.891,17.413,19.98
2012,2,21.121,22.035,20.825,19.557,21.43,19.74,16.913,20.2,21.306,21.718,17.737,20.856,22.765,22.863,24.636,23.888,22.573,18.431,18.616,21.358,22.465,23.412,22.522,23.573
2012,3,21.968,23.206,22.369,20.663,21.984,23.684,20.223,24.918,23.987,25.079,22.787,21.639,26.794,28.869,20.864,23.86,23.421,18.849,24.431,20.539,25.016,25.021,23.447,24.055
2012,4,26.261,26.675,28.238,27.443,27.973,26.896,27.212,29.696,26.189,29.223,25.493,31.519,30.291,28.336,25.734,30.561,29.53,31.227,25.162,26.439,29.061,27.042,30.056,24.936
2012,5,33.163,34.787,30.044,30.708,34.457,32.319,33.8,34.836,33.505,33.398,32.765,34.047,33.004,32.743,34.082,34.13,33.71,33.232,32.364,36.49,34.077,33.987,33.442,32.031
2012,6,37.68,36.201,38.299,38.836,40.17,38.966,38.963,39.162,38.065,37.152,38.106,36.908,36.344,37.211,40.478,37.845,38.151,39.08,37.693,41.395,38.274,39.517,37.374,38.206
2012,7,38.924,38.331,36.871,38.919,37.027,40.37,39.642,40.076,39.221,38.155,37.706,37.236,35.496,38.379,38.447,39.068,39.238,39.681,38.574,38.338,37.831,37.159,37.944,39.159
2012,8,38.784,37.059,39.179,38.052,35.548,36.883,37.648,40.078,37.805,38.188,35.591,37.608,37.317,37.158,37.962,37.561,39.278,39.036,37.169,36.352,36.996,37.64,36.36,37.097
2012,9,34.537,37.215,35.382,36.905,34.953,34.651,33.647,36.377,33.851,33.3,33.93,35.515,36.424,37.16,34.225,36.244,35.866,38.233,35.402,34.55,35.42,35.236,35.564,33.841
2012,10,27.399,28.652,30.312,31.614,31.64,30.144,30.388,31.103,30.732,31.321,31.62,29.023,33.79,31.445,28.623,31.972,31.319,35.327,26.888,29.607,33.099,31.999,31.159,30.767
2012,11,19.046,20.334,22.17,25.284,23.489,25.563,22.657,21.581,25.501,21.686,23.501,23.442,23.766,22.407,21.521,23.964,23.565,23.078,18.712,23.477,24.441,24.029,25.354,23.445
2012,12,16.853,18.327,17.312,18.501,18.31,18.941,17.455,18.378,25.675,17.337,19.355,16.373,17.656,20.607,17.296,19.324,18.478,23.3,19.418,20.246,18.419,18.404,19.292,18.984
2013,1,18.586,17.147,17.452,22.289,23.074,21.074,15.5,17.153,18.613,18.582,21.004,16.833,16.176,17.135,17.827,21.533,19.343,22.783,21.439,20.779,19.172,19.224,18.307,18.394
2013,2,18.438,20.116,23.617,20.94,24.384,20.967,21.297,17.63,21.555,20.373,20.411,23.807,21.957,20.102,20.952,22.695,19.406,22.996,22.14,22.967,20.358,23.544,18.822,18.315
2013,3,17.219,24.587,23.546,21.315,26.884,22.221,25.68,21.442,23.811,22.583,24.764,22.033,23.758,24.487,20.427,28.855,24.591,21.727,22.982,24.768,24.548,23.771,22.51,23.502
2013,4,27.466,25.74,28.835,27.323,29.92,27.636,31.106,25.123,30.563,26.238,28.616,27.601,28.488,28.241,26.036,29.119,29.379,28.765,28.631,31.231,27.323,30.695,24.371,26.806
2013,5,32.719,32.436,32.081,32.313,35.121,33.645,33.617,32.732,34.928,32.699,34.667,33.209,32.165,34.568,34.451,33.047,33.818,32.566,34.957,36.327,33.241,36.395,31.261,31.757
2013,6,38.148,37.285,38.09,38.416,40.121,39.023,39.666,39.518,40.113,38.158,38.567,37.755,37.528,38.72,39.893,38.432,40.554,38.558,40.091,41.613,37.888,37.82,36.48,36.218
2013,7,37.138,37.138,35.304,38.196,41.111,39.541,39.825,39.636,38.765,38.089,37.983,38.599,38.173,36.745,38.173,38.191,39.492,39.258,39.136,38.155,38.805,38.499,38.267,37.433
2013,8,37.649,38.25,35.909,36.931,37.9,38.905,36.661,37.265,37.484,36.581,37.134,36.714,38.558,34.694,38.503,39.172,38.858,36.983,35.309,39.043,36.903,35.149,38.5,37.268
2013,9,35.441,37.627,35.396,34.693,35.926,33.593,34.658,37.758,32.504,33.74,36.295,33.635,33.377,32.997,35.738,36.938,37.567,32.941,36.284,38.878,34.254,35.098,36.809,35.629
2013,10,29.067,32.75,28.519,26.658,31.334,28.504,30.464,35.199,31.057,27.658,31.869,30.314,32.18,28.96,30.152,31.89,30.68,31.705,33.544,31.944,26.714,28.224,33.424,30.959
2013,11,24.775,23.459,23.826,20.525,27.919,21.832,24.21,24.19,22.139,24.037,24.457,24.24,27.092,22.714,22.418,24.298,24.744,27.679,23.557,24.285,23.439,19.407,24.437,24.686
2013,12,17.182,19.864,20.039,18.497,18.656,17.158,18.87,22.355,19.97,20.164,17.155,16.689,23.202,19.74,18.038,17.768,22.015,15.053,22.881,19.264,18.238,18.58,15.456,17.72
2014,1,17.849,17.188,18.191,18.349,21.629,16.92,17.963,18.897,18.04,16.893,15.944,15.877,22.439,20.141,18.581,18.759,20.722,16.231,15.63,19.917,18.715,19.413,21.436,20.212
2014,2,22.675,20.477,21.307,19.986,20.698,17.921,25.707,24.475,20.567,19.092,21.391,18.284,20.1,19.065,19.346,22.782,23.621,16.969,20.527,23.32,21.731,20.94,23.156,17.559
2014,3,27.269,23.322,21.89,22.749,21.204,20.194,21.007,26.028,21.079,18.936,22.463,22.979,23.086,23.285,25.105,26.607,22.982,24.334,20.368,25.13,24.319,23.876,22.762,20.492
2014,4,28.561,30.067,28.17,27.232,29.81,25.385,29.202,32.116,27.21,27.269,27.576,27.269,27.073,29.151,29.032,29.468,28.642,26.108,26.788,25.043,27.194,28.786,27.926,25.024
2014,5,33.552,34.437,30.693,32.38,32.477,32.374,34.848,34.988,31.764,31.623,32.63,31.941,33.811,33.548,32.657,33.552,32.945,33.918,34.469,33.52,32.542,33.359,34.617,31.353
2014,6,38.454,37.945,35.847,39.18,39.867,38.088,40.087,42.216,38.24,38.681,38.411,36.332,38.659,38.278,38.292,38.656,39.396,37.772,38.712,39.719,38.661,36.787,38.498,40.812
2014,7,37.212,39.314,37.925,37.236,35.713,41.276,40.904,40.996,37.611,37.087,37.404,37.475,39.105,37.861,36.66,38.15,39.478,39.61,38.362,37.161,38.323,38.591,38.304,39.82
2014,8,36.239,36.887,38.362,38.283,36.561,41.032,38.368,39.699,36.764,34.651,36.56,35.789,38.649,37.527,40.14,38.458,38.956,38.691,35.866,36.104,37.022,36.555,34.629,39.539
2014,9,33.105,35.04,34.772,38.151,35.571,37.604,36.43,37.31,33.035,33.47,37.601,34.506,33.776,34.526,35.182,35.009,38.938,37.649,33.524,33.039,34.416,35.791,34.851,38.637
2014,10,30.7,30.803,27.574,32.329,27.311,28.487,32.955,35.77,27.048,29.991,30.801,26.569,33.12,30.265,29.196,30.069,31.201,32.59,32.021,27.841,30.813,30.182,32.253,32.527
2014,11,23.317,24.771,22.983,21.124,22.619,23.111,24.007,24.016,21.462,23.116,24.95,20.311,22.968,24.865,23.263,25.16,24.399,23.22,22.621,22.343,25.465,25.79,25.137,25.39
2014,12,17.248,17.805,17.458,17.11,21.099,18.748,19.49,17.595,17.099,17.687,16.453,18.625,18.895,18.099,18.406,22.472,19.625,20.902,18.369,19.745,19.964,18.512,23.766,18.628
2015,1,19.708,20.573,21.108,16.545,18.932,21.54,19.393,19.088,19.668,18.951,17.88,19.13,20.364,19.582,20.823,15.336,19.866,19.102,18.779,19.831,19.167,19.22,19.386,20.356
2015,2,22.995,23.6,26.749,20.405,18.921,24.903,18.719,22.224,18.572,23.15,20.582,21.513,25.83,19.734,23.373,18.044,22.427,20.271,20.137,19.336,20.507,18.758,20.291,24.015
2015,3,24.798,28.048,22.886,23.095,22.073,24.649,21.846,27.836,23.525,22.327,25.225,21.45,28.864,23.789,25.598,20.711,22.982,25.722,23.226,20.831,23.613,22.13,24.404,25.67
2015,4,27.161,27.2,31.429,26.427,28.373,29.58,26.152,31.088,26.638,28.694,27.543,25.903,29.818,28.306,30.078,26.446,28.988,27.876,30.7,27.544,27.621,27.606,29.035,29.504
2015,5,34.109,33.161,32.748,34.15,33.968,32.352,31.643,36.372,33.403,33.097,34.612,32.842,34.964,33.471,36.377,31.877,32.496,33.16,34.904,32.568,32.971,31.446,32.344,35.607
2015,6,39.743,37.116,39.091,38.398,36.49,38.463,37.113,41.373,39.917,38.268,40.572,36.569,37.86,37.788,40.086,38.547,41.303,37.872,38.58,39.036,36.971,37.321,40.214,39.012
2015,7,39.312,37.808,36.875,37.424,34.784,40.582,38.157,40.858,38.357,37.457,38.928,37.756,37.528,38.52,38.701,39.407,39.822,40.616,38.299,39.288,39.693,38.394,37.159,36.061
2015,8,36.371,36.09,34.866,36.424,35.991,36.921,35.84,37.492,36.724,34.227,37.62,35.856,38.393,38.397,38.625,37.1,38.799,38.879,37.617,37.694,38.201,37.589,37.079,34.81
2015,9,32.835,33.703,35.225,33.257,37.767,35.455,33.941,34.49,32.961,33.151,33.323,33.168,33.684,35.107,34.674,35.424,38.594,35.496,33.802,34.12,35.627,35.682,34.862,36.301
2015,10,30.268,31.072,30.781,30.344,32.259,30.524,27.585,26.202,26.907,31.855,28.623,30.284,31.676,30.571,29.607,27.113,30.061,26.045,32.102,32.417,28.844,32.137,26.541,29.872
2015,11,23.421,22.268,26.275,25.312,22.838,23.12,24.728,21.611,22.577,22.972,22.051,25.081,23.057,24.549,24.27,24.916,24.334,22.633,22.67,23.061,26.396,23.65,22.876,24.253
2015,12,18.748,19.43,23.193,22.028,16.566,21.318,19.632,17.424,18.663,17.063,16.043,21.611,19.031,19.06,16.922,18.435,17.62,16.164,16.61,16.195,19.302,19.568,18.734,24.531
2016,1,20.536,17.791,19.388,22.147,17.662,17.856,21.054,17.33,20.021,20.134,19.024,19.97,20.8,18.858,24.56,18.624,19.254,18.134,18.217,22.135,17.495,18.06,15.763,17.992
2016,2,24.792,23.409,19.972,26.912,18.319,22.554,21.321,20.357,24.676,22.845,23.241,18.88,22.42,17.821,22.846,20.732,22.943,19.626,22.619,21.991,18.865,18.62,19.945,22.735
2016,3,24.155,21.185,24.843,24.621,22.159,24.261,25.577,22.593,22.169,21.674,23.75,25.504,26.186,20.832,26.956,22.267,23.131,24.661,24.14,20.678,24.43,21.783,26.74,23.614
2016,4,27.331,26.79,29.218,30.758,29.516,30.425,32.411,26.971,28.514,27.401,28.608,29.694,29.808,28.189,27.796,28.542,27.573,34.321,27.689,28.227,27.436,27.223,28.417,28.821
2016,5,33.394,31.528,33.785,33.75,34.966,33.398,36.153,33.392,34.306,34.723,34.992,35.635,34.872,33.094,34.567,33.944,34.212,35.22,34.429,32.736,31.472,34.796,35.188,33.773
2016,6,38.732,35.051,37.48,38.793,39.164,40.998,40.151,37.245,39.213,38.944,38.301,38.936,38.232,37.691,38.112,38.737,37.971,40.042,38.321,38.818,36.997,37.299,38.14,40.053
2016,7,39.612,38.051,39.191,37.391,39.124,40.954,40.804,40.406,40.028,38.694,37.405,38.177,36.675,39.672,40.136,36.598,38.583,41.105,36.644,38.295,39.572,37.015,37.446,36.431
2016,8,35.918,36.567,36.666,38.291,37.486,39.733,39.364,39.922,38.682,36.899,36.871,38.378,37.394,39.787,39.563,36.319,37.049,38.262,36.484,39.226,36.583,37.988,37.389,37.172
2016,9,33.863,34.899,33.799,33.144,35.599,39.371,35.051,36.739,37.243,34.724,36.376,36.964,35.179,34.937,35.699,34.539,36.705,36.477,36.023,35,33.4,37.047,34.517,35.886
2016,10,29.456,29.83,30.143,30.067,33.336,32.902,30.791,32.238,36.343,28.362,31.881,32.753,30.484,30.302,32.073,33.075,32.43,30.111,30.156,32.085,31.246,31.939,32.002,30.382
2016,11,22.922,23.02,22.978,25.562,25.438,23.866,23.617,21.564,25.228,24.068,23.024,24.047,26.757,21.842,26.878,23.234,24.676,25.093,23.998,24.627,22.877,24.338,24.709,22.993
2016,12,19.361,18.335,20.641,17.771,17.736,19.085,19.429,18.539,17.076,18.078,17.489,18.647,19.474,19.284,20.94,16.088,20.661,17.249,20.892,18.823,21.089,20.576,22.428,22.471
2017,1,18.205,17.189,17.321,19.265,19.964,22.176,17.238,19.206,20.301,15.588,17.085,18.257,21.519,18.044,16.525,17.059,19.941,19.505,19.913,17.805,17.775,22.957,18.816,17.979
2017,2,20.766,21.446,21.453,19.992,21.245,23.427,21.447,18.22,24.746,21.211,19.316,21.82,21.112,20.98,20.412,20.035,21.888,22.962,20.486,19.385,17.899,24.835,22.863,21.665
2017,3,21.445,23.087,20.797,21.809,26.303,29.461,24.025,21.066,22.996,23.311,21.556,21.919,23.598,22.278,24.091,21.555,22.333,25.494,22.502,25.017,22.086,24.72,23.869,22.764
2017,4,29.837,28.344,30.228,25.752,29.713,31.608,33.395,28.688,30.471,28.329,26.5,27.617,29.91,28.811,29.955,27.896,27.654,27.96,27.389,27.669,26.466,33.052,25.84,27.001
2017,5,32.653,33.357,30.741,33.014,34.816,32.842,36.218,34.148,33.188,31.601,32.623,31.968,34.217,33.316,34.024,32.679,34.321,33.955,31.99,35.798,33.083,33.881,31.397,33.952
2017,6,38.548,38.912,38.116,39.522,42.109,40.136,43.767,39.38,41.312,37.707,39.574,38.789,38.96,38.213,39.208,37.918,38.755,38.488,37.527,38.894,38.457,38.943,37.242,39.315
2017,7,38.445,39.57,38.973,40.349,35.791,40.726,40.658,40.782,39.372,36.405,39.188,36.694,38.627,38.124,39.072,38.029,39.789,39.457,36.915,37.24,39.599,36.478,39.111,36.209
2017,8,36.28,37.272,37.297,35.673,35.846,37.43,38.181,39.571,38.804,35.807,37.588,35.48,37.669,38.497,37.622,37.501,37.641,37.759,36.945,38.998,37.889,36.286,36.328,34.733
2017,9,35.448,37.862,32.447,36.079,33.926,36.675,35.125,34.536,32.765,36.273,35.009,36.375,34.158,36.121,34.426,36.213,35.548,34.601,31.674,37.576,36.88,35.108,34.677,34.543
2017,10,29.016,33.443,29.601,32.094,29.182,30.61,32.806,29.255,32.904,28.33,28.213,30.521,29.606,29.879,27.43,32.506,31.065,34.596,26.911,29.644,31.4,29.718,31.035,28.289
2017,11,24.266,21.72,22.748,21.394,27.651,23.014,21.893,22.416,23.855,22.804,24.038,22.825,23.362,21.009,23.375,24.131,21.496,26.11,20.562,22.037,25.016,22.562,21.695,21.458
2017,12,18.598,16.73,17.459,17.563,22.432,19.221,18.636,18.426,15.757,16.339,20.759,20.525,16.877,19.252,18.231,19.254,20.681,20.609,16.972,18.5,23.64,19.83,18.924,20.638
2018,1,20.914,17.532,16.101,17.877,22.77,18.617,17.586,17.962,18.223,20.22,17.414,19.083,19.894,17.19,18.425,17.25,17.463,19.383,16.599,17.569,18.845,18.332,22.334,17.769
2018,2,21.506,20.813,20.116,21.779,23.67,20.005,18.975,21.362,23.043,19.813,21.603,17.883,22.441,20.705,20.674,19.012,22.367,22.344,21.45,18.34,18.321,18.365,20.692,22.92
2018,3,24.816,21.676,25.867,22.98,23.958,20.051,23.907,22.823,22.857,24.776,22.598,21.765,22.683,23.443,23.886,25.938,24.11,20.57,23.011,21.165,25.906,26.038,25.342,24.062
2018,4,27.864,25.379,29.567,27.812,31.853,26.763,30.388,31.697,28.012,28.732,28.859,28.457,27.544,28.992,27.419,29.709,28.177,26.881,28.29,28.034,29.084,27.155,27.898,28.441
2018,5,32.907,31.904,31.511,33.751,36.374,32.56,31.96,34.068,33.204,33.776,33.543,34.507,34.406,34.73,33.992,31.443,35.327,33.468,34.054,33.882,36.233,33.136,35.134,32.78
2018,6,38.495,39.191,38.876,41.08,41.446,38.91,41.22,41.268,38.363,39.905,37.969,37.345,39.053,37.586,37.867,39.125,36.945,38.642,36.831,37.826,40.087,37.756,39.787,37.447
2018,7,38.602,36.136,39.864,37.776,37.004,39.873,39.972,40.701,38.549,37.972,35.815,38.41,38.155,39.648,39.501,39.289,40.293,40.582,36.293,35.551,38.186,39.064,36.826,35.961
2018,8,36.633,36.849,35.133,38.951,37.672,39.853,37.744,41.743,36.775,36.307,34.817,37.255,37.6,38.779,38.714,39.546,39.33,36.665,38.07,35.12,37.111,39.056,35.626,35.762
2018,9,36.748,36.438,34.487,37.558,36.56,36.605,34.436,35.386,36.777,36.001,34.948,37.122,37.886,34.086,35.724,37.909,37.019,36.389,36.162,36.687,35.732,36.685,36.63,34.07
2018,10,28.793,31.829,27.792,30.333,29.876,31.399,32.137,32.176,32.203,29.8,30.744,32.201,33.204,30.6,31.757,31.85,32.861,28.052,29.687,35.369,29.185,31.258,33.591,32.751
2018,11,26.844,23.353,26.495,23.196,22.947,22.585,22.768,27.181,24.195,23.308,26.203,21.998,25.569,21.732,23.383,23.517,25.396,23.56,22.18,22.454,20.652,22.823,25.579,25.438
2018,12,18.714,18.126,19.023,18.715,18.053,18.512,23.682,18.865,19.97,17.241,20.879,20.701,19.805,17.938,19.248,19.575,19.798,20.271,17.482,19.428,18.881,19.404,19.351,21.172
2019,1,20.838,19.81,19.623,20.908,18.086,21.567,19.937,19.535,20.574,18.635,17.708,21.862,21.42,19.338,18.816,16.823,19.558,19.759,19.383,20.199,17.988,19.847,19.909,18.315
2019,2,23.947,23.809,17.8,21.988,24.208,22.03,23.154,21.421,23.405,19.467,20.249,24.593,22.248,20.834,17.562,19.609,24.206,24.714,22.157,23.211,20.935,18.333,23.916,19.845
2019,3,23.624,21.937,21.598,25.691,22.114,25.528,24.308,24.836,26.314,27.155,22.288,24.37,25.973,22.752,19.376,27.051,21.93,25.905,20.347,22.971,23.489,24.162,21.539,22.249
2019,4,27.676,26.991,28.151,30.461,30.465,28.226,30.757,28.211,30.007,29,25.411,30.381,27.045,29.109,28.723,29.217,27.532,28.499,26.89,26.589,29.783,28.819,28.488,26.47
2019,5,35.88,33.457,33.476,36.72,34.37,35.131,32.98,32.125,33.832,33.799,34.277,35.893,35.771,34.086,32.742,33.997,32.741,35.126,32.509,33.613,33.324,33.623,32.93,31.905
2019,6,41.006,36.895,38.722,38.16,39.486,39.838,39.885,39.652,39.925,38.823,38.277,37.895,39.273,37.678,38.481,39.053,38.415,38.353,37.725,39.035,39.812,38.562,40.086,36.69
2019,7,38.33,39.002,37.296,37.524,38.851,40.095,40.237,40.304,40.566,37.271,37.789,38.911,39.231,38.496,39.068,38.009,37.979,38.215,38.185,38.899,38.557,38.895,38.153,37.246
2019,8,39.089,38.044,38.743,33.547,35.564,40.516,39.987,37.599,39.633,36.715,36.676,35.825,37.29,39.615,38.316,37.251,36.882,38.836,36.041,38.476,35.792,38.488,37.147,37.757
2019,9,34.431,37.939,34.582,33.885,33.538,41.028,34.594,33.366,36.41,36.182,35.702,35.511,35.665,35.54,37.165,38.042,36.274,36.123,34.976,37.637,34.742,35.091,34.46,33.798
2019,10,30.35,32.123,30,29.086,30.275,30.602,28.379,28.457,31.392,36.351,29.593,29.849,30.102,33.222,32.626,29.978,32.867,31.027,30.353,30.264,29.516,32.519,29.626,29.011
2019,11,27.136,24.688,22.235,24.618,25.157,25.105,22.205,22.976,24.469,22.37,23.769,23.122,23.781,22.874,25.362,26.45,23.165,22.178,24.951,25.153,23.593,24.346,24.716,22.433
2019,12,16.487,18.34,18.179,18.83,19.151,18.033,17.628,17.482,21.595,19.484,16.035,16.757,21.687,19.193,22.499,19.897,21.806,18.082,18.554,19.874,19.129,17.962,21.096,18.47
2020,1,18.611,18.989,20.748,22.424,19.032,21.602,17.915,17.922,17.281,20.533,17.717,20.731,22.136,20.718,23.58,21.325,21.825,21.724,19.941,20.439,19.866,18.09,19.179,18.967
2020,2,21.079,20.383,24.222,21.665,20.347,25.086,19.173,20.466,21.219,26.394,19.906,22.794,24.74,25.132,24.274,24.264,24.109,22.646,20.397,20.26,20.467,18.38,22.437,23.404
2020,3,25.387,22.274,21.875,27.155,25.734,25.568,24.184,22.362,21.273,24.291,21.617,24.147,25.762,26.204,25.653,29.884,25.727,25.636,27.527,21.174,22.189,22.428,22.188,23.438
2020,4,30.043,27.259,30.222,30.599,27.157,31.731,30.544,30.268,26.374,26.865,29.046,28.383,29.94,31.376,31.489,29.374,27.62,30.015,30.781,28.013,29.241,29.871,25.779,28.601
2020,5,35.588,32.514,31.392,34.841,32.398,35.425,33.26,36.826,32.988,32.983,33.119,32.463,34.743,33.871,34.803,34.216,33.271,34.098,33.424,32.556,35.854,33.482,33.438,34.042
2020,6,40.267,38.189,36.734,39.986,40.594,38.041,39.301,40.386,38.378,37.946,38.145,37.996,39.376,38.638,38.226,38.358,38.862,41.32,38.992,37.579,39.279,37.983,38.146,38.92
2020,7,38.358,38.11,38.808,39.669,38.792,40.802,40.047,40.431,38.457,37.957,39.345,37.332,39.327,39.103,36.319,39.25,37.176,38.551,38.959,36.84,38.504,38.397,37.083,37.41
2020,8,35.306,37.014,38.734,37.898,36.935,36.939,40.161,41.333,38.758,36.644,38.14,36.118,39.363,38.836,37.056,38.849,35.762,37.645,37.77,38.773,34.702,37.366,36.151,36.387
2020,9,37.52,37.45,34.549,36.468,35.308,35.872,35.207,36.049,36.152,33.994,33.686,36.295,34.935,37.119,37.018,36.329,34.197,33.478,37.154,37.465,32.982,33.824,32.875,34.446
2020,10,29.065,29.832,28.347,29.573,33.51,33.561,32.443,33.496,28.149,27.943,29.592,27.525,30.729,33.313,33.1,28.557,28.368,31.679,29.77,32.369,29.126,29.809,27.646,32.655
2020,11,23.725,24.391,21.365,21.42,25.544,25.907,23.591,25.842,20.769,21.292,21.468,21.718,26.855,21.495,23.923,23.527,26.09,22.777,22.659,23.367,24.304,25.842,24.314,25.39
2020,12,20.864,19.712,17.129,17.746,19.355,18.937,16.755,20.285,20.18,21.673,20.035,16.46,24.076,18.664,16.862,15.865,18.604,17.956,22.049,19.069,18.296,19.527,18.799,19.366
2021,1,17.985,21.513,20.505,16.588,19.687,21.165,17.428,20.486,17.999,19.789,19.309,17.899,23.89,18.972,18.817,14.893,22.604,17.833,20.477,18.852,18.83,17.522,17.87,21.836
2021,2,22.619,19.529,20.908,21.236,21.228,22.272,20.243,22.145,17.739,19.459,24.034,22.051,23.117,24.757,21.092,19.044,22.345,22.24,20.822,20.998,22.868,17.293,18.589,21.231
2021,3,21.954,26,24.17,26.014,25.116,29.258,22.464,30.495,22.813,21.987,26.343,22.132,24.715,26.898,25.543,20.761,24.161,22.742,22.161,23.606,22.153,19.865,20.25,23.636
2021,4,27.614,28.356,26.728,29.693,27.779,32.831,28.857,30.52,27.761,27.332,30.293,28.426,29.72,30.746,31.354,29.357,28.885,27.934,32.074,29.593,28.432,27.55,26.109,28.006
2021,5,33.184,32.789,30.053,32.556,34.111,34.593,35.26,37.092,35.028,32.202,35.098,32.216,34.064,34.496,34.378,31.027,35.099,33.129,33.435,34.514,34.186,33.561,32.618,36.794
2021,6,38.823,38.048,37.686,38.266,41.018,41.129,38.168,39.097,37.967,37.756,38.809,38.182,39.479,38.876,39.286,38.382,39.489,40.019,38.801,39.26,36.774,37.502,37.769,40.481
2021,7,39.439,38.125,35.639,38.086,39.749,40.824,40.879,40.102,40.403,37.091,38.992,36.973,39.575,37.946,37.732,38.579,39.737,38.526,38.431,37.924,39.275,39.49,39.401,38.339
2021,8,37.296,38.503,38.572,37.299,38.941,35.96,37.257,40.684,40.489,35.829,35.969,34.706,37.183,37.683,40.269,37.1,37.62,36.139,36.982,35.923,35.749,40.117,35.177,36.761
2021,9,34.305,35.189,33.638,33.914,36.566,33.964,34.69,35.558,37.116,36.765,33.539,35.683,34.737,33.746,38.215,35.403,37.436,36.721,37.07,34.119,35.56,38.756,33.937,32.643
2021,10,29.227,30.332,29.341,30.626,29.971,28.115,31.508,28.159,33.387,32.022,28.388,28.315,32.065,30.517,32.589,32.421,29.04,29.854,33.579,29.861,34.476,33.824,31.513,29.603
2021,11,26.165,22.012,22.289,21.355,25.012,22.688,22.205,24.987,24.145,27.311,23.359,23.617,22.691,24.429,22.421,25.818,21.395,21.376,23.716,24.644,27.458,24.192,23.028,22.885
2021,12,17.292,18.002,17.729,18.819,20.027,18.866,16.859,18.61,20.004,19.904,19.362,18.554,18.994,19.822,18.674,18.561,18.759,17.114,20.849,17.901,19.508,20.112,18.947,19.666
2022,1,18.546,20.042,18.795,21.376,20.963,18.698,17.854,18.396,16.659,22.516,18.813,19.129,19.256,21.318,18.86,18.946,19.827,17.614,18.457,20.17,18.659,22.658,17.89,16.57
2022,2,19.427,23.307,19.079,25.367,19.787,22.218,19.182,22.007,23.41,22.068,22.939,21.559,20.639,21.237,21.183,23.022,22.339,22.705,23.121,22.118,20.681,21.879,17.933,23.34
2022,3,22.567,26.627,21.016,28.98,22.98,23.955,20.736,26.35,21.652,23.819,24.592,21.517,18.808,23.723,23.202,23.163,22.348,23.5,20.407,21.867,22.552,24.464,21.616,25.251
2022,4,27.52,30.471,27.668,30.589,27.6,27.884,26.312,29.513,29.663,30.452,28.741,27.758,28.093,32.18,29.808,29.25,28.109,29.773,31.501,30.376,29.252,30.701,25.533,30.769
2022,5,33.275,33.42,30.346,36.397,33.666,32.765,31.114,35.073,33.502,35.451,34.517,33.669,34.968,33.928,34.221,34.517,34.887,33.602,33.385,33.137,32.112,34.473,32.228,34.625
2022,6,36.34,40.024,36.889,39.275,40.319,39.942,39.144,38.862,39.892,38.601,38.086,37.475,39.252,38.459,40.406,39.191,39.973,39.636,39.961,37.662,37.107,41.316,36.6,38.491
2022,7,37.898,39.295,36.801,38.804,38.749,41.186,39.848,38.472,38.366,38.453,36.47,37.105,40.357,39.113,39.759,38.84,40.443,37.354,39.988,38.38,39.014,36.555,36.075,38.41
2022,8,35.121,38.051,37.379,40.358,38.082,39.266,39.428,40.205,39.94,36.067,34.737,35.676,38.622,37.916,40.249,37.822,36.103,35.013,39.364,37.611,35.702,37.352,35.939,38.407
2022,9,34.94,37.344,35.98,38.489,35.439,34.283,33.916,37.462,34.717,34.693,35.173,37.513,35.313,36.679,38.373,37.156,35.49,31.876,37.911,35.776,34.906,35.904,35.855,33.958
2022,10,29.88,31.118,29.294,33.998,32.112,30.652,29.46,33.98,28.55,30.882,29.052,31.815,33.556,33.232,32.486,32.932,35.918,30.868,32.716,31.285,28.434,34.937,30.686,32.102
2022,11,25.588,25.653,26.127,25.009,23.648,22.462,23.75,23.132,23.034,26.429,21.572,25.131,25.688,23.947,21.822,24.533,28.435,21.998,24.453,25.975,22.696,23.537,24.574,24.402
2022,12,20.794,17.663,16.304,17.498,19.533,18.946,18.245,17.535,17.542,16.627,19.016,19.223,20.424,21.375,20.352,16.583,22.781,19.845,20.547,22.024,18.271,17.331,21.095,17.48
2023,1,22.015,19.773,17.361,19.072,20.909,17.821,17.884,16.342,19.576,18.724,19.238,21.221,19.552,21.863,18.876,20.136,20.479,19.071,21.537,18.736,18.52,17.75,18.957,17.837
2023,2,22.382,21.637,21,24.162,24.75,18.39,20.4,20.363,24.179,20.348,21.84,24.452,19.167,21.579,24.245,21.102,19.838,20.035,21.891,19.732,20.237,22.511,21.758,22.846
2023,3,21.345,22.571,22.086,26.315,27.288,18.863,27.394,21.012,21.657,22.989,22.733,22.976,25.674,25.582,28.607,19.598,24.139,27.266,22.329,21.675,21.034,23.934,24.611,19.49
2023,4,28.509,29.482,25.687,32.223,29.008,28.204,31.37,26.314,26.465,27.826,27.904,28.155,29.719,28.396,31.489,26.279,27.741,32.248,28.095,28.24,25.693,30.692,29.113,30.102
2023,5,34.978,33.017,31.755,34.565,35.931,32.124,33.982,32.382,32.657,35.783,34.584,35.202,34.039,31.921,36.319,34.1,34.339,34.359,34.282,35.398,33.337,33.634,34.449,32.677
2023,6,40.428,38.276,41.438,38.037,40.421,41.248,38.29,40.635,36.928,39.934,40.648,38.628,38.169,38.872,40.607,38.917,40.668,38.748,37.576,37.504,38.227,40.376,38.863,39.221
2023,7,38.452,39.455,38.119,38.902,40.469,40.467,41.642,37.873,39.151,38.634,37.899,37.815,39.558,40.039,37.957,36.025,39.016,40.38,39.116,39.46,39.137,37.496,37.245,39.829
2023,8,38.298,38.371,36.45,36.916,35.996,36.652,41.813,37.998,40.506,35.874,36.429,36.161,38.844,38.153,40.032,37.707,39.099,38.412,38.02,39.16,35.978,35.374,34.481,37.142
2023,9,37.901,34.44,36.318,35.673,35.715,35.862,34.675,34.528,37.589,33.959,33.323,35.796,36.672,34.421,36.554,36.833,38.055,35.229,35.143,37.625,37.343,35.028,34.645,35.018
2023,10,32.864,30.433,28.677,31.692,34.316,33.265,27.862,33.256,34.867,26.914,26.841,32.512,34.373,27.012,32.762,32.121,32.164,30.413,31.586,31.213,33.54,32.018,32.831,31.864
2023,11,24.088,26.231,22.226,22.026,23.69,25.805,22.668,27.24,24.177,24.106,20.882,21.845,24.114,23.744,23.196,24.46,25.981,24.807,24.823,24.685,24.995,26.978,22.004,21.737
2023,12,21.214,18.771,20.711,20.693,18.532,20.582,18.114,21.079,21.036,18.035,17.224,17.297,17.634,19.624,17.952,18.755,20.524,20.053,20.873,18.814,19.486,17.423,20.312,18.459
2024,1,22.112,18.248,17.613,21.87,21.698,20.57,21.978,19.752,19.277,16.663,17.959,22.264,18.859,18.99,14.763,19.003,18.213,18.783,22.365,22.437,19.974,19.587,20.004,19.327
2024,2,20.841,20.881,23.243,22.481,21.213,21.946,24.751,21.573,19.745,18.825,19.795,22.6,22.073,21.51,22.997,25.392,21.771,23.008,21.863,22.832,25.355,25.553,22.974,19.832
2024,3,26.236,22.651,21.584,27.373,21.914,24.475,26.7,26.498,25.764,23.616,24.336,24.838,22.468,23.971,26.33,21.342,22.743,23.626,22.501,25.923,25.923,23.731,24.888,22.405
2024,4,27.717,26.247,28.488,28.512,24.525,31.106,27.049,32.348,29.1,27.479,30.571,28.549,27.275,28.763,31.57,28.89,32.866,27.795,28.471,31.55,29.939,30.608,28.856,29.358
2024,5,34.374,32.639,31.538,32.007,31.478,34.761,34.211,35.571,36.561,33.139,33.203,32.756,34.117,34.231,34.961,33.384,35.392,31.675,33.657,35.341,34.742,34.129,32.201,33.66
2024,6,38.218,38.866,40.039,37.02,40.363,41.792,39.06,40.112,40.338,38.064,38.056,39.346,40.389,39.877,39.37,39.432,41.064,38.269,37.049,38.863,38.528,40.377,39.823,39.194
2024,7,39.421,39.983,40.275,38.466,40.798,42.223,39.102,39.553,38.864,37.913,38.277,37.584,37.716,36.69,37.312,38.998,40.001,38.595,38.94,40.137,39.692,39.649,36.567,40.451
2024,8,38.285,36.145,37.77,37.105,36.666,38.282,39.031,37.397,40.045,33.713,38.442,37.516,39.121,37.423,38.177,38.758,38.688,38.589,38.489,38.891,37.7,37.97,35.807,38.361
2024,9,36.094,34.718,36.599,37.289,34.255,35.679,38.046,35.2,36.06,35.478,36.015,36.139,34.658,35.462,36.73,38.263,34.003,34.961,37.292,35.93,34.642,37.586,36.471,35.2
2024,10,32.191,29.505,29.082,30.149,33.26,33.338,31.561,32.813,32.801,31.341,31.999,26.475,30.13,33.791,33.229,27.436,27.536,31.819,30.799,29.513,32.362,32.182,30.033,30.197
2024,11,22.973,22.902,22.928,22.505,26.612,23.305,22.224,25.085,23.77,28.012,27.695,22.439,26.337,23.33,22.945,27.959,22.677,25.611,23.792,22.903,25.844,26.086,23.256,25.472
2024,12,20.207,22.064,16.994,19.741,18.167,18.401,18.688,18.881,17.25,21.65,23.094,21.978,19.708,21.667,19.742,20.654,18.714,18.727,21.218,23.506,18.817,20.564,18.788,24.225
2025,1,19.363,18.842,17.108,19.874,18.936,17.962,16.775,19.758,17.756,19.671,19.621,18.674,19.316,18.708,21.887,19.395,22.546,23.469,19.838,17.19,22.177,22.454,18.526,20.944
2025,2,18.786,19.818,19.58,19.518,21.429,18.725,18.012,22.253,22,20.592,22.773,21.366,22.764,20.332,25.786,25.089,21.049,21.783,23.458,22.616,26.976,21.192,19.101,18.403
2025,3,23.576,24.045,22.469,24.53,23.392,22.119,23.536,23.82,22.015,21.709,27.36,25.078,25.567,23.528,25.279,27.594,22.326,26.151,21.265,23.853,23.751,25.42,24.642,25.873
2025,4,28.715,26.005,26.106,26.877,28.38,27.938,29.882,33.124,26.893,29.189,29.823,28.642,30.255,30.321,30.137,30.815,27.934,28.012,28.412,27.04,30.197,30.677,29.019,28.795
2025,5,36.324,33.584,30.959,31.884,35.027,33.604,35.739,36.012,32.93,33.332,34.488,33.596,34.377,33.853,35.546,34.634,33.351,33.878,33.087,30.344,34.64,35.489,34.398,35.837
2025,6,38.167,37.779,37.554,39.852,40.857,39.8,38.326,39.587,37.572,38.446,38.838,38.973,38.711,40.539,40.586,39.902,38.929,38.793,37.231,37.356,38.53,39.97,40.534,39.535
2025,7,36.707,39.116,38.714,36.56,40.62,41.128,40.619,37.766,36.888,38.4,39.025,37.263,36.477,39.463,37.562,37.675,40.174,39.56,38.411,37.54,38.941,39.858,39.123,41.117
2025,8,37.662,39.046,36.811,36.274,39.153,36.074,40.639,40.316,38.001,35.741,39.825,35.359,35.32,37.618,38.087,37.485,39.202,38.404,36.416,36.716,37.333,38.299,37.597,38.715
2025,9,35.51,37.23,33.936,34.872,34.216,34.87,35.959,38.214,33.943,35.804,34.769,35.612,33.586,38.243,36.945,37.171,39.796,36.805,35.904,34.032,38.78,36.925,35.625,36.748
2025,10,30.635,33.192,29.409,30.552,32.868,33.634,30.763,27.722,33.05,35.441,31.922,29.11,33.01,35.699,26.931,34.044,35.279,31.615,28.059,31.348,30.298,28.32,29.992,30.243
2025,11,24.927,25.587,23.967,24.282,23.745,23.412,22.462,23.492,22.823,23.444,24.157,20.492,27.784,24.732,21.939,24.647,26.189,26.017,24.777,23.084,22.909,23.31,26.254,26.414
2025,12,18.948,23.611,21.711,18.882,21.525,20.314,18.443,19.154,23.805,20.954,21.239,16.491,21.762,19.734,17.326,17.175,20.821,20.737,19.973,18.884,18.317,17.445,19.557,20.538
2026,1,19.963,20.123,18.286,20.455,22.36,20.339,16.948,19.827,18.099,19.117,17.969,16.997,20.092,18.38,18.994,18.874,19.869,19.995,19.921,21.086,21.457,18.094,17.821,22.032
2026,2,21.65,23.683,21.036,21.738,25.546,22.056,22.602,20.184,17.683,21.641,20.942,17.616,24.546,20.928,22.306,22.074,19.185,23.448,23.304,25.602,22.777,23.74,20.214,22.919
2026,3,24.583,23.967,22.233,19.583,29.369,21.915,25.039,24.365,23.352,22.031,22.125,23.087,24.534,27.84,23.401,20.136,21.459,27.151,23.824,24.814,26.105,24.83,27.651,24.79
2026,4,28.77,31.576,26.82,29.452,27.555,27.978,32.228,27.673,27.024,27.471,28.145,28.651,28.615,33.816,30.173,28.892,28.093,29.07,26.234,30.859,28.692,28.011,30.17,30.936
2026,5,33.645,34.051,34.756,33.463,32.932,36.076,34.134,33.298,32.497,34.533,32.952,32.396,34.227,37.313,35.335,32.443,34.709,34.378,32.649,35.223,35.725,35.582,34.73,34.3
2026,6,37.725,37.384,37.522,37.585,40.505,42.375,38.418,39.928,37.675,37.993,40.545,38.307,38.387,39.978,38.8,38.724,39.124,37.691,37.098,37.149,39.832,38.961,40.749,41.193
2026,7,38.93,39.249,37.864,37.026,39.644,40.845,40.86,36.783,37.829,38.66,39.566,39.204,39.44,38.254,38.644,39.831,40.463,38.485,40.17,39.306,36.289,37.642,39.348,38.25
2026,8,36.538,38.761,36.621,36.02,38.486,38.248,40.345,37.986,38.112,34.28,37.912,36.709,38.551,38.107,35.328,39.06,38.576,37.237,39.323,37.63,35.732,36.076,37.767,39.1
2026,9,34.243,38.503,36.649,35.253,35.377,36.89,37.912,34.464,35.993,34.346,36.252,36.004,37.996,36.431,34.284,36.537,34.616,36.534,35.875,36.489,33.575,33.854,35.42,37.739
2026,10,28.161,33.366,29.442,30.679,33.677,30.613,33.426,30.122,30.434,28.112,32.097,29.571,33.466,29.984,34.215,33.689,30.071,32.878,36.053,36.337,28.022,31.685,32.203,35.474
2026,11,25.598,25.916,22.815,22.135,21.972,23.135,28.239,22.101,21.789,22.619,23.807,27.221,28.148,22.958,25.192,25.656,25.905,26.503,25.398,25.978,21.488,23.029,20.062,25.182
2026,12,17.357,20.478,15.998,19.684,18.501,19.891,19.352,18.014,21.741,19.035,20.912,19.358,20.226,21.854,18.687,19.477,18.391,21.222,19.986,18.784,19.433,19.327,18.138,19.065
2027,1,18.875,17.693,19.333,18.73,20.165,22.091,21.862,17.436,19.795,19.571,15.683,18.195,17.959,18.397,17.613,21.453,20.219,19.175,22.209,21.616,19.414,16.354,19.499,16.614
2027,2,19.743,19.778,18.811,24.003,19.628,21.785,22.065,18.92,22.999,20.188,19.999,22.792,24.759,20.923,20.325,21.356,22.608,19.246,22.261,24.876,21.197,18.867,18.797,17.575
2027,3,21.118,23.798,21.417,27.117,22.123,24.117,25.123,22.597,22.695,24.481,23.748,27.75,25.226,24.335,18.629,19.706,21.755,23.482,24.344,25.06,22.472,21.166,21.601,23.194
2027,4,27.845,26.177,27.298,27.866,25.641,28.304,30.046,26.409,29.431,29.162,28.663,30.066,28.596,31.036,28.131,30.289,28.953,25.755,28.475,27.765,29.323,27.343,27.697,29.53
2027,5,32.524,33.104,31.6,33.289,33.443,34.569,36.672,33.88,34.343,36.766,34.72,35.942,35.089,34.567,33.64,34.692,37.86,33.875,35.404,33.06,31.902,32.771,35.05,33.421
2027,6,39.143,38.237,38.463,38.699,40.782,41.279,39.76,40.374,39.573,41.196,37.896,40.505,38.44,39.66,36.932,41.272,40.419,39.867,37.98,38.143,39.394,37.386,36.982,40.246
2027,7,38.773,38.24,37.487,37.884,39.541,41.579,40.48,39.865,39.944,40.485,37.384,39.087,37.951,39.434,38,38.283,40.968,39.518,38.556,39.445,38.895,40.338,38.663,39.138
2027,8,38.878,36.747,38.301,38.466,38.375,37.711,41.403,38.454,39.269,36.813,36.846,34.626,37.717,37.875,39.022,37.445,37.844,37.672,40.042,38.96,36.969,37.343,37.142,37.903
2027,9,37.591,36.24,34.889,36.437,35.8,36.738,39.732,34.996,34.451,36.087,36.389,35.049,34.183,36.481,37.872,37.594,36.775,36.861,33.477,35.337,37.168,35.276,34.764,36.958
2027,10,31.993,32.471,32.575,27.939,36.199,29.486,33.792,33.253,27.996,28.061,30.345,31.412,33.386,29.08,31.489,33.15,32.417,32.88,32.184,30.192,32.211,27.933,30.841,33.027
2027,11,25.205,23.701,24.921,22.529,28.922,23.86,22.788,27.723,22.261,21.862,21.572,23.813,28.539,23.042,27.412,27.469,22.696,27.696,25.287,27.38,25.568,26.557,22.97,27.225
2027,12,18.026,18.641,20.436,19.901,20.787,18.203,18.782,19.368,17.339,17.364,19.027,19.417,18.088,23.446,19.531,18.627,18.104,19.405,18.621,21.987,19.93,18.745,18.569,19.479
2028,1,22.796,19.893,19.108,22.108,20.114,22.117,21.109,20.343,18.147,18.512,19.384,20.239,21.188,16.502,18.077,19.355,20.157,22.639,17.345,19.915,18.664,17.867,18.36,22.112
2028,2,21.299,20.696,20.338,20.884,25.219,21.576,20.375,22.977,21.35,22.971,19.795,21.561,24.323,20.48,22.779,20.802,24.451,23.241,22.448,22.72,20.255,23.645,20.98,21.519
2028,3,22.42,22.57,26.703,21.622,31.97,23.031,24.558,29.018,24.455,24.36,21.958,22.714,25.499,24.861,24.003,28.48,24.202,28.087,23.086,22.727,24.835,25.372,23.337,23.466
2028,4,30.153,29.669,28.508,28.436,32.736,28.564,29.257,31.852,29.439,26.966,28.045,31.854,30.262,31.299,30.581,31.499,29.462,26.62,30.475,29.649,26.952,28.277,27.624,29.182
2028,5,35.256,36.445,34.115,35.267,35.944,35.26,34.142,37.422,35.519,35.22,32.446,34.171,34.588,35.081,35.334,35.207,34.629,35.334,31.423,34.302,32.708,37.506,33.621,33.264
2028,6,37.498,39.601,39.254,40.34,41.047,42.169,39.466,42.933,39.093,37.483,37.932,38.358,39.053,41.164,39.432,40.529,37.427,38.743,37.252,39.146,37.829,41.874,38.01,37.896
2028,7,38.399,39.037,38.421,40.309,37.166,40.57,38.109,38.865,38.438,38.879,38.698,38.154,39.6,39.124,37.952,36.672,38.699,37.805,39.35,38.943,39.347,38.845,38.222,40.365
2028,8,37.259,37.385,34.81,39.199,38.908,38.693,37.454,38.913,38.913,36.924,41.084,38.132,39.165,40.062,38.83,38.164,35.981,39.055,37.501,37.021,36.737,37.856,39.11,38.142
2028,9,36.086,36.051,33.929,36.63,37.004,35.053,36.355,34.833,32.775,36.978,35.844,36.763,34.714,37.336,37.071,34.205,36.392,34.967,31.681,35.517,35.667,37.435,35.595,35.884
2028,10,31.863,32.403,30.175,32.511,27.819,27.615,32.453,28.804,29.177,30.459,30.434,33.462,33.256,31.486,31.455,29.984,34.92,28.035,30.83,29.407,31.359,31.721,32.387,30.308
2028,11,27.277,26.924,26.697,24.883,24.217,24.404,24.456,23.397,23.122,23.021,24.409,25.625,26.251,22.651,27.326,24.233,25.699,21.285,22.631,23.263,23.75,25.994,25.837,27.269
2028,12,18.732,18.686,16.47,17.563,20.521,20.918,19.103,19.933,18.914,19.467,21.607,19.584,20.223,19.905,23.199,22.847,21.366,19.537,18.661,19.885,21.083,20.855,21.433,19.301
2029,1,19.935,18.585,19.25,19.279,21.633,20.33,17.811,20.044,19.995,19.383,19.736,20.048,19.033,19.246,19.549,21.117,19.593,19.791,18.712,20.216,18.29,20.415,20.953,17.502
2029,2,22.949,23.194,22.14,23.077,25.85,23.886,19.38,24.421,22.911,21.073,24.816,19.45,24.223,23.047,22.528,22.832,21.998,22.736,20.061,23.235,18.781,22.486,18.668,17.88
2029,3,23.191,25.166,26.481,22.3,26.977,27.362,22.414,26.499,25.204,25.229,23.34,22.162,25.146,22.95,25.871,26.805,24.741,22.987,24.155,24.835,21.669,24.881,23.684,22.213
2029,4,28.665,29.935,27.169,26.34,32.782,29.179,27.379,31.637,32.337,32.259,30.662,29.713,30.475,27.589,29.713,31.584,28.57,31.656,29.576,31.98,28.849,30.436,29.981,28.107
2029,5,35.093,33.776,32.009,32.261,33.766,36.529,34.077,33.995,34.038,35.313,35.205,32.702,35.006,35.434,32.187,34.054,36.474,32.497,33.556,34.317,33.598,35.832,34.953,32.248
2029,6,36.969,38.603,38.336,40.474,40.021,39.799,39.411,40.311,38.534,39.895,39.971,38.567,40.458,40.505,39.249,40.918,41.06,37.978,38.346,37.864,37.473,38.835,37.944,38.171
2029,7,38.746,38.668,38.475,39.754,36.092,41.9,38.368,37.418,39.054,40.581,40.331,37.672,39.881,40.745,38.717,39.287,40.275,38.977,37.951,39.543,38.079,38.242,37.426,38.185
2029,8,36.531,38.614,36.292,39.463,39.843,38.641,39.309,38.759,38.386,36.525,38.536,37.356,39.9,38.501,36.783,38.477,40.672,37.369,38.465,39.713,39.759,37.255,35.176,36.624
2029,9,36.388,35.658,36.139,38.058,36.552,38.466,35.088,37.107,33.381,33.907,37.445,35.54,36.408,35.371,36.55,34.78,37.248,36.936,35.781,39.222,37.386,35.232,34.246,36.166
2029,10,32.978,29.052,29.489,29.144,33.834,38.918,32.823,31.372,32.75,29.703,31.998,27.17,32.451,30.972,32.921,29.642,29.751,32.619,31.344,33.094,35.351,31.459,31.194,33.225
2029,11,26.168,22.672,25.638,26.195,24.214,27.058,23.367,25.526,26.564,25.443,23.955,21.995,26.485,26.027,25.542,24.759,23.238,28.868,22.847,23.687,22.335,23.557,24.714,24.707
2029,12,19.794,18.306,17.341,23.543,24.458,20.598,18.381,24.206,17.729,17.175,17.603,21.721,24.256,16.137,18.769,19.337,20.951,23.911,20.478,20.745,19.472,17.414,20.415,19.448
2030,1,23.65,20.632,20.62,21.393,20.697,17.137,18.658,18.459,21.488,19.366,18.803,18.785,20.518,17.599,20.1,22.017,20.301,20.81,17.906,21.683,17.934,20.182,17.487,20.709
2030,2,24.336,23.056,23.497,18.993,20.093,25,24.664,21.577,20.508,21.44,22.604,22.884,20.206,21.375,21.153,21.196,23.695,18.45,23.17,24.352,21.185,22.998,21.295,19.81
2030,3,26.164,27.165,24.921,20.868,18.85,28.691,25.455,21.608,22.921,25.133,23.02,28.25,21.607,25.678,25.944,24.949,24.369,23.634,27.19,26.441,23.611,24.568,24.171,23.065
2030,4,29.126,28.278,28.264,28.739,26.519,29.702,31.558,25.885,32.18,28.914,30.333,30.492,28.473,28.587,32.109,26.271,31.299,28.049,30.287,30.241,31.051,29.873,28.283,30.795
2030,5,34.402,32.865,35.487,33.85,32.362,35.738,36.19,33.755,34.419,33.98,35.412,34.335,33.101,34.342,34.772,34.649,35.505,33.979,33.024,34.552,35.985,34.359,35.806,33.724
2030,6,36.895,40.722,37.344,40.155,39.611,40.36,42.796,41.706,38.999,40.193,39.127,40.386,38.786,40.345,39.065,39.576,41.221,39.433,38.737,37.631,39.266,40.839,37.787,41.12
2030,7,39.104,37.256,38.365,39.798,39.643,39.631,40.494,39.224,37.898,39.819,39.848,39.195,39.448,38.299,37.423,41.175,37.756,38.834,39.261,38.289,35.828,38.358,38.043,38.255
2030,8,36.759,36.217,37.55,38.127,39.469,36.551,39.845,40.011,36.96,36.656,38.106,35.664,38.259,39.663,37.604,41.426,35.945,39.008,40.225,36.907,34.498,36.68,37.279,35.767
2030,9,36.845,35.505,36.257,34.293,35.589,35.685,36.047,34.259,34.143,35.061,36.083,33.759,33.504,38.908,36.67,38.847,36.317,36.573,36.43,36.469,34.001,34.761,37.41,37.363
2030,10,30.817,30.044,34.738,27.934,32.485,29.303,29.301,30.601,28.908,26.12,31.985,32.05,31.14,30.571,32.191,32.524,30.487,30.341,31.456,28.615,31.278,28.201,35.402,32.463
2030,11,22.743,22.668,26.35,25.969,23.949,25.42,23.686,25.742,22.39,22.007,23.091,24.811,24.172,24.138,23.612,23.719,22.347,24.114,22.742,23.345,25.922,25.992,26.512,25.93
2030,12,21.52,24.092,17.013,18.231,20.761,19.927,17.888,21.192,21.166,20.035,18.308,24.429,18.065,19.689,20.252,20.929,17.791,19.054,18.208,19.449,18.104,21.048,16.994,23.402
2031,1,19.914,22.013,17.722,18.603,18.216,17.1,18.451,17.637,16.071,20.175,18.846,16.031,18.441,19.777,17.568,22.429,20.303,20.226,20.365,17.842,17.999,20.543,19.387,19.266
2031,2,20.859,23.564,19.011,21.964,23.181,18.21,21.277,23.574,19.749,19.963,20.705,25.77,23.796,20.899,20.692,21.483,22.835,23.924,21.936,22.102,21.598,24.069,18.854,25.866
2031,3,21.122,24.778,24.947,23.803,24.787,23.088,25.409,24.046,22.233,23.417,21.193,24.803,20.765,23.004,23.342,23.129,22.798,27.285,22.08,23.898,24.865,26.892,24.708,25.552
2031,4,26.828,28.563,23.628,29.345,30.962,28.632,29.774,32.191,29.613,29.871,28.542,32.224,27.971,31.141,31.122,30.461,27.064,32.024,27.627,29.913,30.909,29.538,29.795,30.299
2031,5,32.243,33.572,31.715,33.146,32.429,34.256,33.942,37.257,33.662,34.227,33.266,35.459,32.192,34.597,37.723,34.269,32.865,36.544,33.462,33.623,35.287,35.934,36.127,34.697
2031,6,39.358,39.838,37.167,38.863,39.28,40.384,40.688,41.353,38.462,38.774,37.948,39.185,40.01,40.028,39.312,39.458,39.18,42.123,41.648,39.746,40.647,39.759,37.835,40.517
2031,7,38.639,37.559,39.124,39.505,39.971,40.538,40.847,41.171,37.357,38.416,38.095,38.506,39.115,39.231,39.474,39.716,39.687,39.719,40.08,39.307,38.444,38.42,39.834,37.879
2031,8,36.783,40.09,39.07,36.851,40.795,39.542,37.044,41.951,36.323,35.209,38.46,36.514,38.682,38.255,36.858,40.283,38.307,40.458,37.97,41.072,34.933,36.948,39.832,37.094
2031,9,36.413,39.092,37.146,35.203,39.39,37.714,35.06,36.887,35.673,36.37,34.064,35.814,36.732,33.374,35.183,37.099,35.734,38.456,36.317,38.465,34.399,36.655,35.76,34.288
2031,10,27.591,33.321,29.161,31.035,32.756,35.119,30.257,29.839,33.782,27.663,25.743,26.898,28.995,29.204,32.023,32.943,27.276,35.889,31.502,36.01,29.327,34.999,31.386,32.54
2031,11,24.135,27.151,23.007,21.733,27.447,27.565,23.85,23.83,25.546,22.039,21.993,21.488,23.884,24.602,24.044,26.467,25.169,23.737,22.263,27.072,24.132,25.112,23.581,26.668
2031,12,19.691,19.149,19.994,17.806,22.983,25.957,18.228,19.956,20.816,17.46,19.587,16.936,20.812,19.114,20.597,21.881,22.78,17.583,21.208,22.121,13.565,20.861,20.206,24.4
2032,1,19.587,18.438,17.238,14.544,20.474,19.453,18.594,19.938,20.549,19.056,18.925,20.175,17.659,17.805,19.088,21.185,17.915,20.623,21.992,19.639,17.76,19.086,18.002,20.018
2032,2,24.479,22.972,19.201,22.92,22.002,24.602,19.056,21.514,26.917,22.691,20.643,17.891,20.665,19.238,19.808,22.61,23.919,22.256,22.487,21.678,21.299,21.391,22.102,23.241
2032,3,25.163,23.033,22.735,24.215,22.757,26.049,25.038,23.905,26.945,24.465,22.894,24.034,24.277,29.253,20.299,26.795,27.648,22.956,25.028,26.142,26.763,25.364,25.155,22.589
2032,4,28.409,29.877,28.643,29.614,28.489,31.509,31.057,30.881,31.895,29.837,27.92,29.05,30.845,28.467,31.078,29.395,30.598,29.321,29.637,30.52,29.249,31.047,28.132,28.163
2032,5,35.766,32.615,32.693,33.27,33.916,37.863,35.493,35.528,34.503,35.484,32.375,34.717,32.848,34.956,35.51,33.824,34.727,34.132,34.274,35.073,33.98,33.884,32.568,34.481
2032,6,38.373,40.437,37.531,39.48,39.986,39.522,40.657,41.722,40.593,40.001,37.196,38.214,40.23,39.912,38.925,39.559,39.001,39.128,38.877,39.534,39.149,39.299,40.573,36.702
2032,7,39.877,38.474,38.52,38.581,39.814,41.624,39.343,38.97,39.967,38.5,38.342,38.749,39.728,36.846,39.453,39.99,39.11,38.699,40.563,39.647,38.978,39.346,38.09,38.345
2032,8,38.644,38.854,37.224,38.365,41.724,38.722,36.284,39.735,36.929,33.223,36.261,39.154,38.414,36.896,36.94,38.1,36.628,39.735,41.874,39.433,38.511,37.469,37.109,36.553
2032,9,35.75,36.868,35.827,36.327,39.379,36.667,34.927,36.389,33.821,33.708,36.282,37.137,34.466,36.398,34.026,35.599,36.445,36.258,35.695,37.684,35.363,35.463,35.311,34.747
2032,10,30.051,28.192,31.962,30.62,35.05,33.476,30.053,30.388,30.479,26.072,26.905,32.308,30.674,30.999,28.642,31.708,27.119,35.005,35.823,28.517,29.814,30.445,29.162,31.457
2032,11,24.818,22.287,22.103,20.967,26.343,29.435,24.534,24.5,25.479,22.566,23.208,27.236,24.775,23.922,24.339,23.751,23.097,25.718,25.823,27.833,27.943,24.778,25.085,23.841
2032,12,24.002,18.227,17.044,18.369,19.388,20.499,19.766,17.296,19.987,17.562,19.97,20.426,21.49,18.726,19.512,20.654,15.212,22.353,20.908,19.126,19.55,19.849,17.802,24.125
2033,1,23.157,18.913,18.017,17.726,20.308,19.148,21.525,16.741,20.997,18.837,18.301,19.373,18.093,19.895,21.146,17.483,20.606,20.9,22.274,21.084,22.811,19.452,19.599,19.996
2033,2,22.556,21.434,22.291,18.753,20.932,19.98,22.02,20.652,21.622,23.626,20.485,21.921,21.43,19.483,23.87,20.571,22.803,21.025,22.336,20.411,20.261,18.377,20.304,23.573
2033,3,22.393,23.126,26.959,22.215,25.383,22.661,26.566,21.404,25.456,22.757,22.199,21.436,21.992,20.638,24.071,23.077,23.601,19.428,24.183,19.877,25.214,20.37,22.566,23.3
2033,4,28.868,28.053,28.44,28.411,28.614,25.951,29.468,27.286,32.565,30.693,28.301,30.652,27.566,27.833,30.743,27.003,26.37,29.09,29.84,30.071,30.691,27.284,26.142,29.634
2033,5,33.566,34.908,32.471,32.482,37.121,33.59,34.61,32.109,34.517,36.479,33.184,35.333,33.805,34.775,34.048,32.646,34.145,32.502,33.614,37.208,36.522,32.679,32.319,35.019
2033,6,37.319,40.458,38.116,39.404,40.987,40.176,39.264,40.594,38.763,39.065,40.907,39.976,39.634,38.836,39.357,39.773,39.745,41.583,39.905,39.497,39.298,36.848,38.084,40.402
2033,7,40.595,40.606,39.429,39.545,39.649,38.926,39.286,40.035,39.078,39.78,39.595,38.361,38.247,37.914,38.299,40.364,39.887,41.559,39.985,39.718,37.858,38.649,37.87,39.844
2033,8,37.073,36.92,38.794,37.592,40.006,39.622,37.045,41.825,37.933,39.386,38.584,39.028,40.305,38.94,38.769,40.705,40.074,38.954,40.045,38.308,37.443,38.119,37.021,36.95
2033,9,36.299,34.757,34.956,37.047,35.2,35.713,34.52,38.341,36.29,35.717,38.096,34.577,35.076,35.446,32.833,37.685,33.623,37.105,39.017,38.238,37.414,35.525,37.066,33.165
2033,10,29.704,33.271,29.222,32.071,30.621,31.361,31.604,33.729,32.196,30.729,36.42,28.603,33.113,29.89,32.289,33.868,33.201,34.407,36.507,34.637,30.225,30.124,29.79,28.076
2033,11,22.319,24.261,21.598,24.783,25.307,23.862,26.508,23.972,25.602,23.266,24.785,21.757,24.741,23.77,23.701,26.711,26.087,26.735,24.279,26.071,26.247,26.937,23.561,25.966
2033,12,19.191,20.451,19.83,19.607,18.083,18.268,20.553,18.344,21.094,21.861,20.418,18.193,19.201,21.524,20.919,20.299,19.549,19.897,20.931,22.627,23.262,20.868,20.245,15.851
2034,1,23.337,22.326,18.992,19.007,19.136,17.86,19.286,19.148,18.814,18.859,19.729,20.965,21.087,20.714,17.211,23.343,22.437,21.055,21.593,22.79,20.477,19.664,17.833,17.531
2034,2,22.774,23.377,18.979,19.066,24.059,22.11,23.156,24.572,20.633,20.873,18.625,23.145,21.801,25.386,24.485,21.3,22.98,24.721,23.585,22.945,23.476,21.032,19.105,20.175
2034,3,23.643,27.407,27.138,23.965,25.093,23.906,24.493,26.133,24.241,25.258,22.339,25.149,23.693,25.746,24.857,27.407,24.648,24.753,28.961,26.667,27.358,23.614,23.675,22.407
2034,4,28.689,29.204,28.734,30.019,30.066,31.472,31.368,33.459,30.082,29.743,28.289,32.37,27.1,28.962,28.418,30.236,32.339,27.382,29.289,34.29,28.193,33.57,30.204,28.602
2034,5,34.933,36.379,36.216,32.48,36.69,35.304,34.815,35.614,34.417,36.047,34.138,35.58,35.685,32.602,36.012,33.967,34.837,32.797,33.92,34.895,34.704,37.843,34.133,34.65
2034,6,38.3,40.573,37.399,38.949,42.747,40.657,40.465,41.554,40.306,38.91,37.42,41.817,38.127,39.406,40.731,39.879,40.635,39.272,41.904,39.83,40.78,41.655,38.804,38.819
2034,7,38.9,39.894,39.955,40.351,41.394,41.944,42.413,42.383,37.145,39.406,36.696,41.185,37.719,38.122,38.599,39.83,38.552,39.866,39.057,39.712,37.709,38.36,39.208,40.188
2034,8,37.646,39.836,34.961,37.702,39.854,41.614,37.967,43.294,36.998,39.68,37.568,38.807,38.781,39.204,38.934,40.415,37.285,38.819,38.474,38.375,36.272,37.853,39.127,38.262
2034,9,35.24,35.614,36.141,39.101,37.161,37.593,34.952,37.198,35.14,37.298,36.169,37.032,33.657,36.269,34.878,35.226,38.422,36.284,36.696,37.06,34.532,36.066,36.065,37.374
2034,10,30.953,30.746,32.609,32.692,34.248,34.912,31.616,35.096,28.464,33.638,28.043,31.262,34.156,31.688,32.247,33.216,35.03,32.984,28.765,36.339,32.333,32.247,35.796,30.924
2034,11,26.477,22.2,20.951,21.885,23.772,27.465,22.485,29.087,24.886,27.087,21.241,24.336,25.655,22.721,23.288,25.405,28.342,26.701,22.538,24.711,22.206,26.065,24.085,25.181
2034,12,18.971,20.635,20.143,19.038,19.072,21.401,18.648,23.292,18.399,23.748,18.6,21.296,18.076,19.333,18.305,18.503,20.522,20.572,18.732,19.425,18.531,20.095,19.545,19.161
2035,1,20.254,19.063,17.872,22.791,16.125,21.528,18.79,20.587,17.896,19.737,19.279,18.873,21.899,19.217,16.779,19.986,19.193,22.182,20.417,20.249,20.677,21.166,20.103,23.049
2035,2,19.695,20.25,17.295,24.486,23.004,26.432,23.171,22.274,17.35,22.569,20.009,20.689,19.622,19.569,23.591,23.831,21.001,22.475,22.372,22.375,18.354,24.063,22.002,21.136
2035,3,25.897,23.439,20.677,24.446,24.15,28.871,19.559,24.573,20.948,23.633,24.426,24.552,27.206,22.607,25.233,24.212,26.861,27.86,22.476,24.105,23.731,25.039,25.544,23.546
2035,4,30.955,27.878,26.991,30.379,29.639,33.04,29.37,30.741,26.931,31.15,28.308,31.235,32.908,26.785,32.505,31.116,33.326,31.359,31.06,31.813,30.69,29.195,29.887,27.056
2035,5,37.009,34.401,33.311,35.994,34.312,36.217,33.344,35.988,32.416,34.191,34.186,35.719,34.509,33.04,35.701,34.397,36.047,35.003,34.06,37.473,31.902,35.979,33.566,36.854
2035,6,40.763,40.215,38.091,39.564,40.223,44.161,39.835,41.767,38.17,39.433,38.91,39.374,42.185,38.781,40.378,41.287,38.686,38.812,39.79,40.893,38.993,39.115,40.244,41.259
2035,7,39.452,40.765,38.29,38.982,41.268,42.987,42.519,42.529,39.65,39.942,38.819,37.675,39.392,37.236,40.262,40.997,39.303,39.308,39.917,41.209,39.346,38.002,38.043,40.01
2035,8,37.079,37.762,36.45,36.969,41.207,42.338,39.787,42.57,38.695,36.988,38.249,35.631,39.2,39.803,38.185,39.78,38.595,36.837,38.981,40.71,38.491,37.102,39.348,38.917
2035,9,34.9,36.223,32.746,36.123,38.637,38.436,38.071,36.512,37.765,36.028,34.652,35.823,37.694,36.8,36.053,35.703,35.17,35.063,38.005,40.451,35.823,35.708,39.241,35.268
2035,10,31.11,27.881,28.009,30.519,31.692,32.037,33.071,28.376,33.41,30.65,29.513,32.287,34.408,32.73,30.338,33.985,27.484,28.388,35.758,32.678,31.557,32.291,32.724,32.345
2035,11,22.477,24.332,24.287,25.06,23.888,26.53,24.048,22.9,27.804,24.445,24.877,21.449,26.348,25.564,26.475,27.268,25.466,23.204,27.699,26.348,24.273,26.021,24.266,26.737
2035,12,17.942,18.099,23.081,19.825,18.979,17.724,20.846,17.23,20.813,18.56,18.702,18.399,20.916,25.809,18.423,20.273,21.12,20.014,23.429,22.96,19.549,20.411,18.805,19.179
2036,1,22.122,19.528,18.273,18.477,19.094,23.29,17.339,18.461,19.995,16.47,21.255,15.778,20.57,21.34,18.874,19.105,20.046,19.972,23.206,17.92,19.304,19.685,20.513,20.045
2036,2,23.624,22.205,22.445,18.89,20.526,21.882,21.712,18.803,23.534,19.142,16.705,17.147,24.264,22.034,21.455,21.604,23.919,24.465,22.67,23.378,21.745,21.525,19.576,23.135
2036,3,22.717,23.222,22.034,22.661,22.026,25.492,25.166,23.815,25.044,23.23,25.35,21.134,26.912,26.485,22.957,23.97,22.96,25.921,27.361,22.671,24.537,26.634,26.792,28.139
2036,4,30.493,29.162,25.461,29.063,28.294,29.469,31.653,28.056,29.525,28.694,30.493,28.219,31.703,29.671,29.767,28.798,28.86,28.139,30.759,29.887,28.756,28.474,28.919,29.242
2036,5,34.82,34.138,32.695,32.231,33.509,35.149,36.559,35.313,34.787,33.327,34.677,33.559,34.507,37.278,35.084,32.235,35.304,33.937,34.846,35.248,34.161,37.89,34.792,35.884
2036,6,41.889,40.75,39.934,36.371,39.807,41.205,39.072,39.563,38.002,39.747,38.972,36.921,40.57,37.828,39.049,39.803,40.08,39.084,40.229,41.596,39.467,38.748,41.091,40.548
2036,7,39.357,39.759,39.717,40.309,41.384,40.3,40.976,42.049,38.946,38.415,38.436,37.565,39.881,38.83,38.89,41.343,39.014,37.486,38.612,39.902,39.014,39.621,38.25,39.698
2036,8,37.41,38.433,37.753,37.975,40.705,40.099,38.846,40.529,37.551,36.521,39.39,36.592,39.352,40.343,39.621,40.963,38.999,37.021,40.032,37.854,36.87,36.37,38.179,36.643
2036,9,35.998,38.428,38.322,35.285,37.242,37.177,36.949,37.312,33.87,34.824,34.894,36.445,36.689,36.341,35.886,38.219,37.699,35.469,37.008,36.979,35.331,37.809,38.646,36.814
2036,10,32.607,32.896,30.525,32.001,38.243,30.766,33.652,32.548,28.865,28.087,31.827,30.389,34.314,32.834,33.59,31.509,32.972,26.441,30.803,33.266,31.598,33.202,32.035,32.259
2036,11,24.788,26.077,21.166,23.808,25.432,24.15,26.606,29.686,21.917,25.183,27.481,24.975,22.858,22.451,26.639,25.862,23.945,23.287,23.219,24.053,23.609,22.722,22.871,25.882
2036,12,21.098,18.507,19.014,20.313,18.827,17.495,20.312,23.812,16.779,17.071,17.898,18.808,18.911,18.575,20.818,18.621,21.539,19.8,19.123,18.273,19.547,21.144,17.036,17.92
2037,1,19.02,18.915,19.544,18.801,17.322,17.419,19.13,19.766,19.243,17.731,18.894,21.511,17.27,19.695,17.956,19.52,18.485,19.404,20.077,19.648,19.433,20.485,19.528,17.606
2037,2,20.794,19.852,20.839,24.535,19.848,20.068,19.998,20.257,21.911,18.101,24.062,20.563,23.692,20.904,22.901,22.145,23.292,24.842,23.341,24.03,19.845,22.523,24.19,21.533
2037,3,25.986,24.605,22.408,25.067,22.155,21.564,20.673,23.534,24.205,21.212,27.206,25.309,25.741,25.357,24.327,25.185,22.494,27.578,22.934,26.418,22.842,22.668,23.55,26.924
2037,4,27.418,25.859,29.136,28.782,27.781,26.557,29.589,29.389,29.288,26.816,29.57,31.165,27.02,26.597,33.392,30.998,31.623,31.513,29.29,29.738,25.99,31.15,29.81,30.654
2037,5,32.779,32.307,32.386,31.554,34.881,34.433,35.492,32.682,35.893,33.201,35.295,36.724,36.264,34.811,34.899,31.616,34.292,33.208,36.763,34.845,31.937,34.876,32.991,35.164
2037,6,37.702,39.601,40.087,39.128,41.499,41.726,39.714,42.243,39.915,38.328,38.855,39.874,40.442,39.71,37.906,40.792,42.849,39.446,41.55,38.756,38.637,39.793,39.591,40.621
2037,7,39.103,39.566,39.008,38.165,39.178,42.24,40.873,42.184,38.209,40.367,38.512,39.847,39.218,38.982,39.209,38.885,40.273,39.335,39.721,40.048,37.743,38.721,40.233,39.707
2037,8,39.791,38.645,38.597,37.025,40.061,41.204,40.668,41.345,37.432,40.493,38.41,37.803,39.735,39.11,39.055,39.857,38.735,38.033,38.973,36.714,34.983,38.827,38.418,37.172
2037,9,33.567,37.433,35.424,38.064,35.341,40.42,37.981,38.651,35.225,34.248,38.463,36.682,36.196,36.648,35.828,37.85,38.128,35.21,39.068,35.051,37.73,35.339,33.967,33.531
2037,10,29.254,30.08,30.619,34.267,28.503,34.265,32.33,35.417,31.242,27.445,30.563,30.929,32.895,33.381,31.7,34.667,31.768,32.832,32.287,26.037,30.708,31.052,27.551,33.276
2037,11,24.819,22.132,25.163,26.948,23.154,23.805,23.749,24.511,20,22.823,24.735,23.641,23.622,27.067,24.888,27.998,25.834,23.196,24.619,21.789,26.082,26.89,22.96,23.799
2037,12,21.212,18.922,20.962,18.581,16.816,19.861,17.964,21.486,19.862,16.024,19.466,22.249,20.127,20.843,15.622,21.163,21.369,19.601,22.029,15.879,21.276,20.348,21.005,21.046
2038,1,20.906,18.792,18.478,20.934,17.35,21.282,19.029,20.478,20.884,18.467,20.743,20.366,18.077,19.718,17.875,21.685,19.992,19.041,20.969,19.095,18.653,20.119,18.885,20.929
2038,2,19.073,20.986,19.901,28.989,22.903,26.315,24.366,22.67,26.363,21.011,21.85,19.389,22.695,20.661,18.337,23.671,20.512,21.234,21.887,19.21,20.509,18.109,19.315,24.232
2038,3,22.564,23.856,24.806,24.778,25.428,25.52,28.542,24.112,22.407,21.701,26.808,27.475,23.994,23.257,27.847,24.277,23.462,24.889,25.653,21.197,24.436,21.518,24.56,24.761
2038,4,27.33,29.876,29.396,28.587,30.599,30.721,29.895,34.524,29.675,31.284,29.482,30.344,30.74,31.357,30.014,31.381,27.115,28.64,28.282,28.692,30.885,27.147,29.515,30.797
2038,5,33.115,33.587,32.376,33.927,34.7,38.892,36.36,36.565,34.473,34.787,34.988,35.694,36.456,35.879,34.609,33.495,34.462,33.697,34.868,34.728,33.585,33.527,32.057,35.917
2038,6,38.855,39.718,38.212,41.185,40.928,40.965,40.839,40.921,39.265,38.613,39.8,38.934,40.441,39.333,39.37,40.854,38.365,37.831,40.355,39.369,40.192,39.417,39.172,39.221
2038,7,39.711,39.397,36.83,39.897,41.222,39.124,41.93,41.237,39.379,38.18,37.739,38.527,39.245,39.208,38.386,40.226,40.755,38.318,39.397,40.273,37.314,38.161,38.692,39.399
2038,8,38.561,39.589,37.286,38.175,39.765,38.468,39.491,40.823,37.442,39.023,36.112,36.976,38.958,39.361,38.748,39.621,39.004,39.941,38.718,39.027,36.818,35.828,39.787,38.36
2038,9,36.719,36.288,37.235,38.805,36.217,35.498,40.098,36.377,36.098,37.243,34.634,34.769,36.773,34.093,35.079,38.193,37.366,38.263,36.483,38.151,35.045,37.451,38.298,36.171
2038,10,29.457,35.635,26.916,32.543,32.269,33.888,33.651,30.821,32.033,29.515,25.705,33.485,33.825,30.634,31.902,32.458,33.286,29.355,33.224,36.936,29.65,32.698,29.625,30.643
2038,11,23.022,24.389,21.931,25.098,24.963,26.3,23.838,24.795,24.649,24.392,21.995,22.428,25.647,23.507,23.975,25.37,24.094,27.988,23.237,26.455,25.29,25.487,23.245,25.338
2038,12,17.861,23.05,19.994,20.525,18.257,19.362,17.807,21.284,17.641,21.367,17.718,17.987,18.524,18.2,18.561,21.039,24.166,21.005,20.103,24.519,22.474,21.03,19.577,19.52
2039,1,20.593,21.836,21.072,18.972,21.026,20.92,20.37,18.78,19.388,20.647,18.871,16.478,20.388,18.014,17.073,20.78,20.115,21.875,17.27,22.101,17.926,20.324,16.595,17.529
2039,2,23.958,24.145,20.479,23.726,22.654,24.317,20.727,21.426,21.315,23.026,17.092,20.078,24.542,21.18,20.54,21.723,22.98,24.18,23.075,27.927,21.42,20.775,21.18,17.724
2039,3,26.273,27.964,26.568,23.001,28.662,29.316,21.993,22.474,22.961,27.024,23.07,24.964,27.957,26.343,29.085,21.379,25.326,23.999,22.067,26.35,20.442,26.821,22.788,25.171
2039,4,26.094,31.387,29.574,28.404,31.849,32.018,26.797,32.55,28.334,30.35,26.156,28.844,31.237,30.349,30.542,28.234,30.118,26.231,28.964,30.019,29.537,30.426,25.552,29.123
2039,5,36.414,35.222,33.297,32.69,35.218,36.66,35.245,35.279,35.97,33.752,33.826,35.806,35.402,35.029,34.209,33.661,32.788,32.902,34.849,34.19,35.574,35.558,32.511,35.998
2039,6,40.1,38.148,38.853,41.113,40.948,41.547,40.236,39.862,38.753,39.067,38.53,40.086,41.537,39.914,38.574,40.314,38.042,40.146,39.682,38.092,38.825,41.438,37.899,40.843
2039,7,38.727,40.072,38.06,38.745,37.172,40.485,40.297,42.801,38.352,38.876,37.433,39.399,38.575,38.588,39.426,40.337,38.006,38.277,38.727,39.591,38.391,39.023,40.052,39.677
2039,8,38.389,37.449,37.102,39.131,37.225,41.371,39.931,40.528,37.964,39.174,36.785,37.398,38.973,39.18,39.881,40.553,35.968,39.08,39.725,41.328,36.62,37.104,39.764,38.1
2039,9,35.681,34.876,36.383,36.278,35.597,38.018,39.22,35.822,34.864,34.778,33.703,36.779,35.373,37.985,35.442,37.711,35.653,34.967,35.376,37.781,35.807,35.677,37.675,35.76
2039,10,34.92,28.948,28.604,30.27,28.662,29.362,29.139,29.276,29.631,30.926,32.024,30.459,27.788,32.688,29.003,30.189,27.897,30.615,30.569,32.307,31.799,34.209,28.554,32.86
2039,11,23.05,26.315,26.664,25.592,23.957,23.969,25.782,27.151,23.033,28.114,28.474,24.228,21.922,27.284,23.537,27.236,23.255,21.983,22.953,24.811,25.086,24.784,24.914,25.888
2039,12,18.268,24.269,20.401,21.351,18.388,18.921,23.857,21.105,22.085,21.815,20.302,20.995,19.806,21.491,20.218,19.604,18.266,19.197,18.996,24.176,19.313,22.006,19.033,21.627
2040,1,17.341,19.694,21.869,21.399,20.449,18.887,20.799,24.632,22.282,21.239,22.82,19.896,16.576,20.67,18.905,17.09,18.284,20.345,19.088,23.089,19.601,17.911,18.674,19.108
2040,2,22.326,21.422,24.413,22.617,23.755,22.573,22.334,24.67,19.115,24.388,24.661,24.376,20.466,23.036,19.887,21.573,22.187,19.057,22.667,22.373,20.979,21.343,23.321,22.636
2040,3,25.146,24.693,23.923,23.046,25.302,26.996,25.562,29.758,22.489,27.114,25.284,27.041,26.794,25.383,23.955,22.996,26.618,23.943,26.287,27.159,23.801,24.947,22.765,23.831
2040,4,27.113,29.951,29.051,28.286,29.696,29.881,31.298,33.9,28.76,32.7,29.498,30.598,29.721,27.631,27.387,32.464,29.463,28.02,31.309,32.594,27.501,29.464,27.824,27.921
2040,5,32.514,35.132,33.72,32.959,36.411,36.668,37.41,35.315,33.766,34.381,33.698,32.697,35.108,33.628,32.543,33.355,36.844,32.866,35.386,33.358,32.928,35.014,33.871,35.174
2040,6,40.161,38.572,40.658,41.482,41.498,41.626,40.884,42.233,36.899,38.949,39.442,40.865,42.817,40.328,37.819,40.492,40.294,38.391,40.008,39.005,37.313,39.654,39.857,40.283
2040,7,39.958,39.104,39.165,38.943,40.978,41.181,41.181,39.373,39.237,40.23,38.348,40.282,40.117,40.982,39.037,39.076,37.649,38.296,39.104,37.98,38.176,38.751,38.572,38.294
2040,8,40.672,38.962,38.519,40.101,38.146,40.941,40.234,38.947,37.872,39.364,38.771,38.801,38.169,38.777,39.244,40.074,39.948,37.394,39.625,37.971,36.88,36.49,38.522,37.153
2040,9,36.985,33.372,34.149,38.319,34.827,38.084,37.681,39.272,35.469,34.954,36.75,38.222,33.195,35.382,36.022,39.602,37.439,33.776,34.735,37.337,35.291,35.651,37.763,38.121
2040,10,28.939,29.352,29.035,28.756,30.675,34.426,31.82,36.144,28.19,29.145,31.696,34.98,28.923,29.561,33.242,33.308,31.817,30.813,27.576,30.98,29.933,34.137,31.591,31.905
2040,11,20.621,22.855,23.477,23.579,23.313,24.026,25.978,25.89,23.381,23.199,23.906,23.569,27.259,23.323,26.838,25.908,26.977,23.235,24.927,23.938,21.446,27.081,26.882,25.597
2040,12,19.289,18.085,20.458,19.14,18.337,16.74,19.14,20.06,17.354,18.837,23.266,16.456,17.694,17.522,21.333,20.96,16.97,19.806,19.649,17.769,19.51,18.379,19.185,20.02
2041,1,17.501,19.172,22.272,21.565,18.05,19.277,21.336,20.217,18.013,19.799,20.834,19.107,19.275,19.866,18.994,20.123,21.784,23.512,19.374,23.325,18.296,23.577,22.726,18.426
2041,2,20.485,19.924,21.864,23.086,19.851,20.578,22.233,20.773,19.476,25.048,24.775,25.622,19.106,23.511,19.859,24.236,22.538,20.213,22.404,24.469,17.782,24.859,20.551,23.825
2041,3,22.939,23.555,26.889,24.253,22.979,22.947,27.008,23.418,24.157,25.617,24.182,23.849,22.327,23.598,23.151,25.736,23.217,24.809,23.076,23.658,23.61,27.399,23.878,24.391
2041,4,27.119,28.203,30.834,29.637,29.558,29.302,33.002,32.137,30.934,29.963,28.566,30.685,27.33,30.745,32.156,32.621,31.951,29.044,28.559,30.485,29.869,31.222,29.864,31.045
2041,5,33.49,34.904,34.856,34.242,36.084,34.705,36.11,37.212,33.343,34.968,35.744,32.741,34.981,35.992,33.377,35.303,32.886,34.688,33.892,36.783,32.561,37.852,36.512,36.322
2041,6,37.475,42.261,39.654,42.843,40.007,40.377,41.511,42.12,39.188,40.459,39.304,39.811,41.055,39.084,38.323,41.046,38.412,41.123,40.618,39.613,36.786,38.392,39.566,39.354
2041,7,36.587,40.464,39.926,40.592,41.173,41.448,40.585,41.501,38.705,39.876,36.816,39.08,39.067,38.679,37.371,38.534,40.241,41.835,39.54,40.126,37.351,39.616,39.971,39.284
2041,8,37.403,38.201,36.01,40.24,37.842,40.383,39.531,41.93,37.764,38.064,34.394,38.297,38.751,39.511,39.922,40.724,39.367,41.734,37.497,38.073,37.478,36.454,39.727,39.126
2041,9,34.58,35.509,33.865,36.197,33.535,35.972,36.014,37.295,33.661,37.476,35.529,36.279,32.578,35.621,35.158,36.611,39.663,39.369,36.145,36.065,38.08,34.746,35.404,36.218
2041,10,29.447,33.822,28.992,32.757,31.454,31.662,33.764,32.841,31.453,31.181,28.122,28.898,31.918,29.925,28.387,32.368,35.897,32.732,32.767,29.721,32.592,33.218,33.3,36.227
2041,11,26.208,25.109,25.179,24.291,24.358,26.238,26.038,26.757,25.527,22.248,21.323,22.946,22.435,23.295,25.754,24.949,26.828,25.277,24.576,24.504,26.105,25.482,26.924,23.049
2041,12,17.663,20.931,17.899,20.609,18.522,17.496,20.043,20.5,20.336,17.619,16.72,18.991,16.052,18.445,20.429,19.739,21.19,20.318,20.888,18.054,18.963,24.524,23.978,20.376
2042,1,17.768,20.988,19.108,22.937,20.871,18.473,18.126,23.542,20.067,17.232,18.535,20.83,15.973,18.292,19.465,20.792,23.118,17.623,21.713,20.257,17.077,21.324,19.998,20.922
2042,2,20.208,22.205,24.453,20.149,22.656,20.712,18.175,26.242,19.955,20.359,17.971,21.235,20.833,20.556,21.013,23.399,21.619,23.66,23.728,21.758,18.137,23.987,22.931,20.263
2042,3,23.418,25.668,23.747,28.201,25.589,21.998,24.388,29.972,25.382,23.815,20.913,22.822,24.273,21.205,22.248,23.3,25.136,27.136,25.523,23.593,25.175,23.148,27.063,25.052
2042,4,27.173,28.811,27.849,29.814,32.196,27.89,30.308,32.888,29.772,26.593,27.347,31.832,30.649,31.601,29.352,28.187,33.545,32.045,27.901,27.737,28.592,27.822,26.762,31.899
2042,5,36.264,34.099,33.44,33.071,36.689,33.239,36.072,35.95,35.751,33.581,33.702,34.073,34.978,35.54,35.134,34.337,35.35,35.329,36.943,33.569,34.127,34.503,34.346,33.93
2042,6,40.437,41.278,39.484,41.281,40.024,40.445,40.083,41.494,39.556,39.602,38.656,39.544,38.831,39.309,38.868,40.64,41.266,38.517,39.388,38.76,39.803,38.81,39.326,39.563
2042,7,38.944,40.519,39.96,40.022,41.477,41.003,42.27,43.324,38.764,39.676,38.465,39.989,37.725,41.133,38.428,40.589,39.402,37.757,37.79,40.624,38.63,36.055,38.924,40.645
2042,8,37.818,38.193,40.343,39.374,39.434,42.565,42.191,41.582,36.821,39.8,37.871,38.515,38.952,39.942,38.146,39.888,40.277,39.697,39.476,40.845,38.454,35.167,39.15,37.215
2042,9,36.673,37.985,36.187,36.605,35.403,37.117,38.74,41.574,33.519,39.384,36.857,38.705,37.288,35.841,33.993,38.626,39.367,39.344,39.589,39.752,36.829,34.759,34.042,36.493
2042,10,27.652,33.44,29.172,33.69,33.08,30.196,32.064,34.278,31.165,29.74,32.723,36.574,35.886,33.368,32.678,34.631,32.404,31.419,30.232,31.695,32.243,27.233,29.357,28.373
2042,11,24.417,23.049,23.425,26.166,23.276,25.318,24.702,26.085,23.481,23.585,25.497,25.178,21.984,23.56,23.706,24.887,26.014,23.45,23.425,25.107,26.729,23.53,23.789,25.096
2042,12,20.709,20.001,19.295,18.545,17.813,20.012,23.85,20.812,22.954,20.783,20.139,18.976,17.259,18.233,20.57,23.376,19.475,18.684,21.56,18.699,19.424,19.222,19.166,21.567
2043,1,17.814,17.291,18.101,18.558,18.683,20.844,23.141,22.169,20.684,23.847,22.785,19.45,24.285,18.61,18.78,17.985,23.619,19.408,19.234,23.92,20.256,18.293,21.188,19.186
2043,2,22.333,19.684,18.817,21.272,24.233,20.495,21.261,21.603,24.814,25.49,20.145,25.139,21.196,21.353,22.595,24.348,22.095,19.561,23.049,23.862,23.67,18.372,23.386,18.105
2043,3,23.327,23.569,23.731,28.261,23.361,26.258,26.008,23.701,24.627,30.098,24.819,22.761,24.147,21.928,22.408,29.425,27.766,23.337,22.769,26.54,25.316,21.014,24.943,24.708
2043,4,26.44,27.024,30.026,30.305,28.789,27.768,30.459,31.731,30.544,32.94,29.593,30.494,29.892,29.28,27.912,32.084,29.143,31.114,27.474,32.088,27.425,26.725,29.762,30.559
2043,5,32.61,33.271,32.226,34.774,36.844,35.491,36.754,35.214,35.494,36.693,36.637,35.837,36.447,35.897,33.73,35.31,33.537,35.571,37.438,36.861,33.467,32.902,33.946,34.02
2043,6,37.939,41.169,38.42,41.91,40.388,38.82,42.084,41.378,41.408,41.57,40.209,39.711,42.413,41.012,39.051,42.2,41.702,38.692,40.317,40.009,38.88,38.326,38.792,39.285
2043,7,39.146,38.515,39.701,40.469,42.215,40.291,41.754,36.47,38.641,39.31,40.183,40.011,39.084,38.938,39.078,40.322,38.142,41.529,38.684,39.019,38.621,37.711,38.615,39.607
2043,8,37.623,37.374,38.981,39.417,41.632,38.848,40.529,40.2,37.914,37.932,38.106,38.759,37.186,37.633,38.907,41.308,37.744,39.506,38.132,39.08,38.464,37.56,39.454,38.831
2043,9,35.899,35.112,37.68,35.929,39.436,36.201,36.856,38.6,33.884,34.358,33.699,38.053,35.141,36.25,36.835,34.199,35.225,35.883,34.494,37.122,35.316,35.586,34.705,39.018
2043,10,31.449,29.986,33.723,32.236,34.578,34.167,34.03,32.571,31.099,30.269,26.63,38.924,33.046,35.528,28.049,31.796,32.028,32.349,32.543,33.466,32.398,34.854,29.549,33.404
2043,11,26.877,25.33,26.273,24.663,28.241,28.252,29.68,24.653,24.104,22.69,23.53,22.911,26.807,26.199,26.94,23.324,23.888,24.127,23.021,27.198,22.777,26.683,23.574,26.079
2043,12,20.089,19.862,22.922,17.951,20.754,18.967,19.58,18.731,19.134,21.664,19.758,21.158,18.742,20.997,21.08,18.151,22.241,23.859,21.357,23.822,20.098,18.658,24.547,23.151
2044,1,18.818,21.626,19.243,19.726,20.808,19.491,19.616,18.797,20.378,18.88,22.738,19.458,19.087,19.479,18.766,17.787,19.488,19.456,21.497,20.325,16.248,19.445,18.944,24.044
2044,2,22.394,21.102,20.94,20.054,22.715,20.47,20.558,21.141,19.083,19.836,24.779,20.849,18.629,22.281,19.433,18.031,22.515,24.089,23.465,21.758,21.868,19.185,20.399,24.072
2044,3,25.067,23.396,28.754,23.179,29.651,23.121,26.454,22.986,27.389,22.568,28.721,20.466,22.748,22.937,21.525,25.202,24.269,22.953,25.334,24.353,27.817,23.193,25.482,25.419
2044,4,30.163,28.278,29.719,29.617,30.963,28.185,32.592,29.708,27.489,29.635,29.92,25.565,32.221,32.093,29.667,30.375,27.336,29.495,33.491,31.629,27.312,30.816,27.75,31.729
2044,5,33.647,35.161,36.696,32.53,35.863,35.471,37.716,33.016,35.986,34.803,35.611,31.156,33.229,34.975,32.105,35.15,33.458,34.731,35.836,37.276,35.219,32.772,36.703,36.844
2044,6,40.381,39.504,40.462,37.937,41.536,42.81,40.694,40.056,41.26,39.028,40.819,37.354,40.757,40.304,39.773,40.017,40.537,39.122,41.267,40.72,38.968,40.61,40.283,38.493
2044,7,38.546,39.618,40.085,39.724,38.926,39.909,37.884,40.193,39.481,39.917,40.612,38.447,38.093,38.787,39.655,40.24,39.283,40.185,41.003,39.839,38.798,39.354,38.39,38.518
2044,8,38.254,40.032,36.614,39.568,37.66,39.31,37.446,39.837,37.811,38.581,38.739,36.54,38.045,39.483,39.426,40.412,40.118,39.801,38.661,38.24,39.995,37.59,39.389,39.602
2044,9,35.113,36.584,37.852,36.475,36.788,36.052,37.991,38.903,35.772,38.393,33.996,35.128,34.758,35.738,36.797,39.529,37.004,36.171,34.548,38.502,35.844,37.625,35.191,37.261
2044,10,32.896,30.171,32.881,33.094,28.13,32.717,32.787,30.133,29.802,31.303,30.442,32.442,32.238,30.194,30.247,34.352,32.911,32.451,30.56,31.289,30.815,32.549,32.699,32.995
2044,11,25.643,23.594,26.082,23.961,25.524,24.956,26.061,25.129,22.531,28.479,21.916,24.078,23.846,22.614,24.174,25.857,24.962,28.343,23.631,25.731,21.971,25.067,24.742,29.72
2044,12,16.869,18.604,18.341,22.782,20.59,23.355,18.689,20.227,17.354,22.013,17.392,17.413,20.543,20.244,20.157,24.798,21.431,18.274,19.205,19.918,19.529,20.583,19.199,20.435
2045,1,21.487,19.388,20.308,22.894,20.036,22.055,19.968,20.961,16.874,19.883,20.686,18.967,21.128,19.611,20.947,20.042,24.214,20.286,20.117,21.222,18.746,23.02,18.276,20.371
2045,2,21.775,23.765,21.321,23.632,20.823,23.34,24.939,27.673,18.408,20.639,20.138,20.559,22.377,21.241,25.267,23.789,24.551,23.183,21.548,24.358,18.706,20.156,20.49,24.729
2045,3,26.05,28.329,23.526,26.768,24.235,32.039,26.508,26.378,23.387,23.102,22.655,22.769,25.023,22.426,25.753,24.165,29.644,27.461,25.882,28.952,25.487,25.311,26.988,24.357
2045,4,30.896,29.991,28.357,29.827,32.024,30.238,31.482,33.053,27.863,28.69,29.941,27.894,28.986,29.058,30.271,31.903,30.762,30.883,28.125,33.372,29.239,31.597,31.156,29.235
2045,5,32.632,33.528,32.535,35.179,37.611,35.418,34.514,36.146,32.686,33.747,35.212,32.963,34.565,34.456,36.044,36.316,35.024,34.413,36.049,36.126,36.212,37.576,34.483,36.656
2045,6,38.498,37.936,37.943,40.338,40.858,41.172,41.262,41.751,38.684,39.543,39.029,39.074,39.497,40.408,39.479,39.117,42.005,39.283,39.383,39.752,40.77,41.514,41.129,41.77
2045,7,38.84,38.318,39.422,40.44,40.994,40.385,41.182,43.031,38.159,37.951,40.303,39.156,37.266,38.77,39.002,39.457,40.567,40.107,39.3,41.833,37.632,37.178,38.319,39.134
2045,8,38.028,39.833,38.473,38.856,38.08,40.891,39.215,40.574,35.455,38.195,38.495,37.669,38.757,41.083,39.396,39.637,38.361,38.081,37.688,39.478,38.731,37.049,38.27,40.681
2045,9,36.745,37.404,35.52,35.863,35.276,39.169,36.724,36.494,32.818,36.615,37.004,36.736,35.659,36.195,35.948,38.76,35.357,34.294,36.938,37.76,35.846,39.286,35.492,38.957
2045,10,33.571,33.128,30.018,30.704,28.615,32.038,32.178,34.343,27.918,31.826,32.327,29.603,32.094,31.99,30.914,35.969,27.371,26.614,31.855,30.874,27.731,31.423,30.548,35.686
2045,11,24.623,27.809,25.271,23.385,24.767,24.482,24.186,29.037,24.389,21.953,27.779,23.416,22.936,22.674,28.231,26.08,24.002,22.876,23.614,25.844,24.92,25.541,23.359,27.018
2045,12,18.586,22.693,18.278,22.356,17.56,20.334,19.685,19.585,20.579,17.088,18.56,19.351,17.814,20.032,23.307,19.394,20.454,16.48,21.457,23.419,23.099,19.524,21.713,21.566
2046,1,21.544,25.297,22.016,20,18.78,18.972,23.014,19.834,19.061,20.462,17.945,19.376,23.462,20.61,21.241,18.838,20.447,21.449,22.968,21.373,20.357,19.736,18.759,22.793
2046,2,24.137,21.968,21.382,24.291,19.43,19.325,20.729,22.45,22.268,20.85,26.582,21.911,24.21,21.303,25.079,24.848,20.211,23.046,24.401,25.083,23.535,23.14,21.606,23.547
2046,3,25.467,24.515,25.126,23.5,25.156,24.397,25.752,24.323,26.38,23.625,26.135,21.431,25.454,23.763,29.573,24.568,24.273,26.96,26.762,24.071,25.65,28.51,23.697,28.021
2046,4,28.922,30.571,29.202,30.463,27.749,27.301,30.26,28.579,28.153,27.239,32.62,28.564,34.616,31.379,32.533,29.754,30.33,29.752,28.853,31.986,31.331,28.694,30.468,33.031
2046,5,32.771,34.678,33.46,33.646,33.66,34.117,36.328,37.346,34.981,35.222,34.732,34.28,34.66,34.319,35.17,35.589,36.849,35.287,35.803,34.131,35.096,34.078,34.283,36.399
2046,6,39.284,41.011,39.466,36.361,40.715,41.134,41.838,40.698,38.074,38.813,41.186,40.837,40.723,39.895,38.465,41.726,39.43,41.897,40.592,40.07,39.23,39.998,38.997,39.414
2046,7,40.776,40.057,39.629,37.014,42.05,39.668,43.061,40.139,38.556,39.55,40.735,40.649,39.98,38.74,39.326,39.622,40.139,40.277,38.345,41.484,37.76,37.483,37.392,39.71
2046,8,37.409,39.19,39.821,35.185,39.393,39.37,41.675,37.934,38.232,36.563,37.396,38.007,38.449,38.91,39.945,39.055,39.207,39.157,39.599,39.675,37.963,36.555,37.532,37.578
2046,9,36.675,37.852,38.937,35.046,37.765,39.095,35.284,38.876,36.05,34.352,36.331,36.42,36.625,34.441,37.547,37.135,36.99,37.681,37.25,39.648,35.518,38.009,35.422,35.948
2046,10,32.221,31.047,31.344,31.264,29.446,31.665,32.859,31.787,26.857,28.159,27.025,31.224,31.329,30.917,33.036,34.776,29.992,32.692,30.317,35.784,32.475,32.031,30.659,28.288
2046,11,26.502,28.518,23.236,24.945,23.788,24.367,23.846,23.986,23.21,23.379,24.743,23.989,26.342,28.009,27.47,26.524,25.124,26.658,22.834,24.879,25.422,23.595,25.885,23.899
2046,12,19.427,24.929,21.66,19.93,19.531,24.059,19.546,22.261,18.646,18.587,19.436,18.546,19.556,20.191,22.463,20.298,21.647,21.801,18.334,22.305,18.604,23.89,18.44,20.067
2047,1,21.748,21.919,20.763,20.222,21.092,19.058,17.354,18.855,18.186,19.613,18.821,17.347,18.834,19.225,19.012,20.102,20.65,23.655,21.637,20.18,20.743,21.192,21.028,21.087
2047,2,22.487,24.525,20.657,23.541,21.398,21.687,25.14,21.564,19.659,25.106,19.509,20,21.304,23.66,16.895,22.939,23.693,25.015,24.258,24.93,21.369,25.489,23.124,20.406
2047,3,22.925,27.908,24.136,25.533,22.742,26.289,25.814,26.444,25.734,23.776,20.928,20.466,24.579,27.535,23.623,24.174,26.038,29.048,22.9,26.707,25.646,25.836,25.615,24.749
2047,4,31.384,28.925,29.994,29.512,29.346,31.037,33.417,30.039,27.539,27.757,27.719,32.177,29.863,31.387,28.759,32.649,30.186,30.992,27.873,34.09,31.093,28.786,28.663,31.365
2047,5,36.849,36.814,33.789,34.68,36.003,35.678,34.423,36.711,33.955,36.013,33.789,33.714,34.608,35.285,33.701,35.525,36.198,37.298,33.433,34.705,36.335,37.584,34.114,36.342
2047,6,38.626,40.523,38.552,38.129,43.785,40.202,39.846,40.743,40.327,39.837,40.126,40.297,39.099,40.199,39.569,40.748,39.202,40.249,36.87,40.55,39.439,40.57,40.253,39.309
2047,7,36.48,37.479,39.516,41.509,39.878,41.823,40.898,40.588,38.291,38.971,39.618,39.368,38.749,40.178,38.818,40.85,39.372,39.348,37.93,40.635,39.812,37.993,39.674,40.862
2047,8,38.023,39.778,36.054,40.165,41.09,43.29,39.908,42.361,37.933,36.567,37.541,39.015,39.772,39.486,39.006,37.17,39.821,39.698,36.674,37.848,37.893,37.402,40.728,40.632
2047,9,36.583,36.067,34.131,36.321,42.493,41.547,37.322,37.917,33.83,34.538,35.295,35.509,38.937,36.923,36.964,34.68,38.209,36.911,35.278,35.393,34.885,35.508,36.904,38.202
2047,10,31.768,29.978,30.016,34.492,34.013,32.009,29.72,33.375,30.274,31.857,28.477,29.847,31.978,28.239,32.145,34.588,35.302,30.36,36.053,31.049,29.737,30.297,32.819,33.571
2047,11,27.726,24.662,24.072,27.306,26.499,24.063,23.855,24.589,22.632,24.972,25.146,24.475,26.938,23.181,26.052,24.667,28.432,24.782,25.37,23.914,23.82,26.729,25.736,25.221
2047,12,24.205,20.916,20.856,22.829,18.196,18.513,20.243,21.242,16.807,18.824,18.047,19.209,19.971,18.569,21.886,21.781,23.447,24.604,23.21,24.781,21.343,19.762,19.615,20.563
2048,1,15.294,20.872,18.751,21.79,21.913,21.584,21.481,21.213,16.547,19.559,18.903,18.26,20.721,18.288,21.543,19.96,20.084,23.699,23.8,23.242,16.303,20.94,19.579,19.712
2048,2,21.068,24.617,23.219,21.579,22.296,22.49,21.67,20.604,17.033,19.177,20.53,20.76,25.169,20.898,23.696,20.818,22.612,22.5,24.517,25.417,18.093,19.08,21.195,20.244
2048,3,24.711,27.517,25.166,25.389,26.005,27.793,26.932,23.43,21.604,23.322,23.03,22.194,24.308,30.005,26.338,19.987,28.091,24.315,24.682,26.76,23.461,24.782,22.869,23.936
2048,4,28.477,29.112,28.552,31.399,30.957,30.057,31.747,28.354,27.906,27.385,30.975,29.458,30.63,27.854,29.863,29.399,29.019,30.461,30.082,31.051,31.159,27.399,29.059,30.413
2048,5,32.587,35.038,35.623,35.782,37.459,35.565,37.572,35.864,33.552,35.203,35.003,32.719,34.74,34.254,35.023,34.953,35.414,33.377,35.061,35.608,33.632,34.954,34.187,34.408
2048,6,36.515,39.762,38.32,38.793,43.786,41.016,43.723,41.66,38.28,38.144,39.068,39.539,38.629,39.753,40.035,39.638,39.258,42.598,40.345,40.452,38.191,37.956,40.854,39.177
2048,7,38.711,40.281,39.306,39.939,41.7,42.538,39.221,40.813,39.68,40.32,41.275,39.859,39.088,37.835,39.832,40.712,37.292,40.415,39.138,39.786,39.343,37.536,40.723,40.254
2048,8,37.627,39.813,38.146,39.666,39.778,39.387,38.492,38.907,38.619,38.563,37.067,38.412,38.801,39.478,39.697,38.838,38.088,41.673,39.931,38.236,39.982,37.661,39.459,39.472
2048,9,38.839,35.735,36.345,36.055,40.963,35.714,34.736,38.34,34.488,35.477,36.696,37.432,36.036,37.147,38.176,36.51,36.985,36.021,37.609,36.611,37.19,36.778,35.428,38.775
2048,10,29.293,29.052,31.119,31.243,33.365,30.604,30.883,35.389,31.232,27.28,37.312,32.655,32.122,32.074,33.696,35.523,27.614,31.434,33.187,33.75,34.022,29.336,28.1,30.267
2048,11,25.848,25.66,23.908,26.103,27.295,23.854,24.468,32.666,25.324,21.776,25.094,25.874,26.361,25.741,24.862,29.044,24.041,24.785,24.375,26.819,25.3,22.25,22.334,27.669
2048,12,18.413,18.997,21.471,24.397,17.843,18.598,18.153,22.35,21.345,18.013,18.701,22.167,19.106,18.167,23.324,19.647,18.886,22.448,20.809,20.094,22.065,19.08,18.496,20.147
2049,1,17.96,18.509,20.061,20.158,18.882,20.772,21.047,20.689,16.507,16.632,21.722,23.343,19.224,19.787,21.903,22.267,20.046,24.204,21.061,21.005,20.798,19.652,18.947,19.845
2049,2,22.949,22.281,21.592,20.036,20.772,19.962,21.317,26.574,19.746,18.016,21.909,24.416,22.683,21.79,22.822,22.553,21.634,26.841,22.391,26.139,26.98,19.611,19.39,20.994
2049,3,23.943,25.027,22.463,23.35,29.712,22.613,25.15,32.23,25.363,26.65,22.564,27.965,22.851,24.168,26.334,24.533,22.704,23.859,27.798,27.084,25.613,24.842,19.842,24.408
2049,4,27.961,30.827,26.309,31.858,31.584,25.607,30.275,34.618,30.625,27.335,30.887,30.327,27.929,27.423,31.83,31.454,29.378,29.557,29.415,33.038,31.537,31.627,28.608,31.449
2049,5,32.559,33.874,36.039,34.257,35.517,33.198,34.266,37.212,32.792,35.321,36.009,36.151,34.443,33.114,35.345,36.022,34.743,33.449,34.956,37.3,32.607,36.978,34.697,35.771
2049,6,41.398,41.54,39.606,40.735,42.035,41.473,40.368,42.776,38.72,39.184,41.189,40.601,37.197,40.419,39.125,40.38,38.773,42.221,39.112,42.518,41.08,39.386,38.202,42.011
2049,7,41.79,40.477,40.286,40.038,40.042,40.961,39.279,43.34,39.907,38.374,40.983,40.278,39.812,40.275,38.718,40.347,39.693,39.027,39.893,40.72,37.491,39.933,40.87,41.015
2049,8,38.46,37.485,39.436,37.382,39.115,39.432,38.548,41.218,38.025,38.712,38.821,38.971,38.58,39.267,39.134,38.913,38.96,38.63,38.252,39.265,38.956,37.746,38.839,39.271
2049,9,39.271,37.223,36.491,35.501,38.603,37.567,38.56,39.543,34.292,36.761,34.491,33.938,36.551,36.994,35.251,37.793,35.807,34.779,38.049,35.629,35.375,39.145,37.466,36.613
2049,10,29.889,36.2,29.09,31.252,32.891,36.279,31.057,35.048,35.169,32.731,32.305,33.462,33.377,33.836,34.332,33.337,32.31,29.902,30.819,30.73,32.1,32.849,33.534,32.678
2049,11,26.825,28.647,21.754,28.39,24.238,29.831,25.154,24.532,23.661,28.273,24.591,27.875,26.719,23.958,27.162,30.001,23.111,25.8,25.666,24.477,27.317,25.182,23.931,25.771
2049,12,22.956,21.906,18.859,21.863,23.013,21.767,18.881,20.416,20.221,20.739,19.364,20.672,18.533,21.442,17.253,21.717,20.8,22.371,20.973,22.524,22.267,20.253,23.059,24.203
2050,1,21.132,21.542,18.947,23.766,20.816,18.473,19.445,21.462,18.398,21.518,19.385,18.409,18.382,19.002,19.978,20.917,18.924,18.685,20.855,22.013,20.683,24.847,22.148,21.125
2050,2,25.164,23.955,18.241,19.324,22.131,21.253,17.631,23.172,23.859,22.469,22.529,22.097,22.395,23.222,22.611,21.299,23.54,20.478,23.679,20.129,20.655,24.224,23.398,23.649
2050,3,27.877,24.812,22.625,22.747,23.564,24.647,21.286,24.208,24.742,27.965,24.022,27.66,24.577,25.585,24.778,25.017,23.446,23.065,25.978,25.289,25.426,27.195,26.823,28.659
2050,4,29.695,28.082,25.814,29.646,28.535,30.733,28.58,33.959,30.726,29.906,27.574,32.033,30.443,30.255,32.094,30.356,29.546,29.237,30.308,33.003,28.268,32.105,29.212,33.152
2050,5,33.033,37.775,34.089,35.07,35.576,38.814,34.422,36.129,35.095,36.307,34.015,36.368,35.484,33.624,37.092,36.048,33.234,33.193,35.115,37.614,35.461,35.256,33.672,38.789
2050,6,38.731,41.549,40.334,40.816,39.148,42.085,40.715,41.406,38.347,39.775,40.102,39.541,37.72,40.118,41.396,39.727,39.51,40.71,38.399,39.818,39.994,38.211,39.701,40.399
2050,7,40.26,41.328,39.556,38.664,40.348,41.198,40.679,41.746,39.702,39.765,39.014,38.98,39.546,39.128,40.005,40.529,39.878,39.573,37.893,39.746,36.565,38.217,41.045,39.161
2050,8,37.859,37.558,38.047,38.773,41.354,41.187,42.516,40.17,38.188,39.402,37.947,38.968,39.846,39.947,39.113,39.82,40.202,39.931,37.411,40.326,36.579,37.395,39.032,37.097
2050,9,35.856,38.733,36.013,39.844,37.699,39.587,37.77,37.873,35.273,38.114,35.365,35.221,36.494,37.549,35.908,36.864,35.231,36.683,37.562,37.914,34.105,36.217,35.636,37.586
2050,10,27.504,30.807,31.335,33.808,33.148,35.618,33.669,32.204,27.358,33.102,28.122,29.955,28.97,32.902,31.591,33.971,31.229,32.423,33.555,30.409,29.745,32.693,33.361,35.503
2050,11,23.808,26.991,24.695,27.526,29.655,26.064,24.517,26.762,24.686,24.07,25.796,23.35,24.483,26.217,24.603,26.937,23.713,24.115,24.953,27.081,24.52,27.053,27.115,27.197
2050,12,21.418,21.593,18.211,21.549,22.951,20.603,24.403,19.965,17.536,18.028,20.264,20.783,20.791,22.132,19.778,20.807,20.668,21.89,20.061,19.769,21.686,21.127,17.582,20.398
